desig,popular,type,con,ra_h,dec_deg,size_arcmin,mag,magband,sb
ESO056-115,Large Magellanic Cloud,GAL_SB,Dor,5.39306,-69.7558,646.0,0.4,V,23.45
NGC292,Small Magellanic Cloud,GAL_SB,Tuc,0.87917,-72.8283,299.92,2.2,V,23.42
NGC6960,Veil Nebula,REMNANT,Cyg,20.76583,30.595,210.0,7.0,B,
IC353,,NEBULA,Tau,3.88333,25.8478,181.97,,V,
IC360,,NEBULA,Tau,4.15056,26.1311,180.0,,V,
NGC1909,Witch Head Nebula,REFLECTION,Eri,5.08167,-7.2656,180.0,,V,
M31,Andromeda Galaxy,GAL_GENERIC,And,0.71194,41.2689,177.83,3.44,V,23.63
NGC1499,California Nebula,NEBULA,Per,4.05389,36.3672,160.0,5.0,B,
M45,Pleiades,OPENCLUSTER,Tau,3.79139,24.1053,150.0,1.2,V,
IC341,,NEBULA,Tau,3.68194,21.96,134.9,,V,
IC354,,NEBULA,Tau,3.89917,23.1469,128.82,,V,
IC1831,,NEBULA,Cas,2.73194,62.4114,120.23,,V,
NGC3372,Carina Nebula,HII,Car,10.75222,-59.8667,120.0,3.0,B,
NGC7000,North America Nebula,HII,Cyg,20.98806,44.5286,120.0,4.0,B,
M44,Praesepe Cluster,OPENCLUSTER,Cnc,8.67278,19.6719,108.6,3.1,V,
M42,Great Orion Nebula,CLUSTERNEB,Ori,5.58778,-5.3894,90.0,4.0,V,
IC434,Flame Nebula,HII,Ori,5.68333,-2.4539,90.0,11.0,B,
IC4628,,NEBULA,Sco,16.94917,-40.4508,89.13,,V,
NGC2238,Rosette Nebula,HII,Mon,6.51083,5.0131,80.0,6.0,B,
NGC2237,Rosette a,NEBULA,Mon,6.51528,5.0492,80.0,,V,
NGC6727,,REFLECTION,CrA,19.02806,-36.8764,80.0,,V,
M33,Triangulum Galaxy,GAL_SA,Tri,1.56417,30.66,62.09,5.72,V,23.61
IC1805,,CLUSTERNEB,Cas,2.54472,61.4567,60.0,6.5,V,
NGC1432,Maia Nebula,HII,Tau,3.76389,24.3678,60.0,,V,
IC4592,,REFLECTION,Sco,16.19944,-19.4544,60.0,3.9,B,
IC4604,Rho Ophiuchi Nebula,NEBULA,Oph,16.42528,-23.4367,60.0,5.1,B,
IC4701,,NEBULA,Sgr,18.27667,-16.6481,60.0,,V,
IC5070,Pelican Nebula,HII,Cyg,20.85028,44.4014,60.0,8.0,B,
NGC6992,,REMNANT,Cyg,20.93833,31.7425,60.0,7.0,B,
IC405,Flaming Star Nebula,NEBULA,Aur,5.27444,34.3561,50.0,10.0,B,
IC443,Gem a,REMNANT,Gem,6.27667,22.5317,50.0,12.0,B,
C009,Cave Nebula,HII,Cep,22.96472,62.5181,50.0,,V,
M8,Lagoon Nebula,NEBULA,Sgr,18.06139,-24.3803,45.0,5.8,V,
IC1848,,CLUSTERNEB,Cas,2.85306,60.4022,40.0,6.5,V,
NGC2174,Monkey Head Nebula,NEBULA,Ori,6.15667,20.6594,40.0,,V,
NGC6526,,NEBULA,Sgr,18.06806,-24.4417,40.0,,V,
IC5068,,HII,Cyg,20.84167,42.4775,40.0,,V,
NGC752,,OPENCLUSTER,And,1.95944,37.8333,39.0,5.7,V,
NGC2451,,OPENCLUSTER,Pup,7.75417,-37.9675,37.5,9.5,V,
NGC281,,HII,Cas,0.88306,56.6217,35.0,,V,
M67,King Cobra,OPENCLUSTER,Cnc,8.85556,11.8117,33.0,6.9,V,
NGC104,Tucanae Cluster,GLOBULAR,Tuc,0.40139,-72.0814,31.8,4.09,V,
NGC1435,Merope Nebula,NEBULA,Tau,3.76917,23.7647,30.0,,V,
NGC2024,,NEBULA,Ori,5.69528,-1.8564,30.0,,V,
NGC2736,Pencil Nebula,HII,Vel,9.00444,-45.9481,30.0,,V,
IC4605,,NEBULA,Sco,16.50306,-25.1153,30.0,4.7,B,
NGC55,,GAL_SB,Scl,0.24806,-39.1967,29.85,7.87,V,22.52
IC2391,Omicron Velae Cluster,OPENCLUSTER,Vel,8.67556,-53.0356,29.1,2.5,V,
M48,,OPENCLUSTER,Hya,8.22833,-5.7506,28.2,5.8,V,
M4,The Cats Eye,GLOBULAR,Sco,16.39306,-26.5256,28.2,5.4,V,
M20,Trifid Nebula,NEBULA,Sgr,18.045,-22.9717,28.0,8.5,V,
NGC1647,,OPENCLUSTER,Tau,4.76556,19.095,27.0,6.4,V,
NGC5139,Omega Centauri,GLOBULAR,Cen,13.44583,-47.4767,27.0,5.33,V,
NGC253,Sculptor Filament,GAL_SAB,Scl,0.79222,-25.2881,26.79,13.97,V,22.42
NGC5128,Centaurus a,GAL_S0,Cen,13.42417,-43.0192,25.88,6.84,V,23.59
IC349,Barnards Merope Nebula,REFLECTION,Tau,3.77194,23.9397,25.7,,V,
IC1340,,REMNANT,Cyg,20.93556,31.0478,25.12,,V,
IC447,,HII,Mon,6.51667,9.8972,25.0,7.7,B,
NGC6729,,NEBULA,CrA,19.03167,-36.9578,25.0,,V,
NGC7380,,CLUSTERNEB,Cep,22.78917,58.1322,25.0,7.2,V,
IC4665,,OPENCLUSTER,Oph,17.77417,5.6486,24.6,4.2,V,
NGC2516,,OPENCLUSTER,Car,7.96833,-60.7533,24.3,3.8,V,
NGC1787,,OPENCLUSTER,Dor,5.02889,-65.8231,24.0,10.92,V,
M35,,OPENCLUSTER,Gem,6.15139,24.3386,24.0,5.1,V,
IC4756,,OPENCLUSTER,---,18.64778,5.4619,24.0,4.6,V,
M101,The Pinwheel Galaxy,GAL_SAB,UMa,14.05333,54.3489,23.99,7.86,V,23.97
NGC4236,,GAL_SB,Dra,12.27806,69.4625,23.5,10.08,V,24.58
NGC4945,,GAL_GENERIC,Cen,13.09056,-49.4681,23.33,14.4,V,23.4
M34,,OPENCLUSTER,Per,2.70167,42.7461,22.5,5.2,V,
M7,Ptolemys Cluster,OPENCLUSTER,Sco,17.8975,-34.7928,22.2,3.3,V,
M81,Bodes Galaxy,GAL_SA,UMa,9.92556,69.0653,21.63,6.94,V,22.78
NGC2112,,OPENCLUSTER,Ori,5.89556,0.4106,21.0,9.1,V,
M46,,OPENCLUSTER,Pup,7.69639,-14.81,21.0,6.1,V,
NGC7822,,HII,Cep,0.05944,67.1614,20.0,,V,
M43,Mairans Nebula,HII,Ori,5.59167,-5.2675,20.0,9.0,V,
IC2177,,REFLECTION,Mon,7.07667,-10.4708,20.0,,V,
NGC3199,,NEBULA,Car,10.28972,-57.9219,20.0,,V,
IC2599,,HII,Car,10.62417,-58.7331,20.0,,V,
NGC3579,,NEBULA,Car,11.19972,-61.2431,20.0,,V,
IC4601,,NEBULA,Sco,16.33806,-20.0869,20.0,,V,
IC4603,,NEBULA,Oph,16.42306,-24.4681,20.0,,V,
NGC6188,Rim Nebula,NEBULA,Ara,16.66806,-48.6619,20.0,,V,
IC1274,,HII,Sgr,18.16417,-23.6481,20.0,,V,
IC1287,,REFLECTION,Sct,18.52389,-10.7956,20.0,6.1,B,
NGC6888,Crescent Nebula,HII,Cyg,20.20167,38.3547,20.0,7.44,B,
NGC2403,,GAL_SAB,Cam,7.61417,65.6025,19.95,8.38,V,23.48
M47,,OPENCLUSTER,Pup,7.60944,-14.4822,19.8,4.4,V,
IC342,,GAL_SAB,Cam,3.78028,68.0961,19.77,10.5,B,24.85
NGC247,,GAL_SAB,Cet,0.78556,-20.7603,19.68,9.1,V,23.79
NGC1333,,CLUSTERNEB,Per,3.48167,31.37,19.5,10.9,B,
M39,,OPENCLUSTER,Cyg,21.53,48.4381,19.5,4.6,V,
NGC300,,GAL_SA,Scl,0.91444,-37.6842,19.41,8.13,V,23.59
NGC2477,,OPENCLUSTER,Pup,7.86917,-38.5331,18.6,5.8,V,
IC1613,,GAL_IRR,Cet,1.08,2.1178,18.32,10.01,V,25.0
NGC1746,,OPENCLUSTER,Tau,5.06389,23.7675,18.0,6.1,V,
NGC2052,,NEBULA,Dor,5.61944,-69.7742,18.0,,V,
NGC5822,,OPENCLUSTER,Lup,15.07222,-54.3964,18.0,6.5,V,
NGC188,,OPENCLUSTER,Cep,0.79083,85.2694,17.7,8.1,V,
NGC6822,Barnards Galaxy,GAL_IRR,Sgr,19.74917,-14.8031,17.38,8.1,V,24.25
M106,,GAL_SA,CVn,12.31583,47.3039,16.98,8.41,V,23.36
IC1284,,NEBULA,Sgr,18.29417,-19.6717,16.98,7.7,B,
M23,,OPENCLUSTER,Sgr,17.95139,-18.9853,16.8,5.5,V,
NGC4565,Needle Galaxy,GAL_SA,Com,12.60556,25.9875,16.75,12.43,V,23.75
NGC2546,,OPENCLUSTER,Pup,8.20417,-37.5942,16.5,6.3,V,
M13,Hercules Globular Cluster,GLOBULAR,Her,16.695,36.4611,16.5,5.8,V,
NGC7293,Helix Nebula,PLANETARY,Aqr,22.49417,-20.8369,16.33,7.3,V,
M110,,GAL_E,And,0.67278,41.6853,16.22,8.07,V,23.78
NGC4244,,GAL_SA,CVn,12.29167,37.8069,16.22,10.71,B,24.57
M3,,GLOBULAR,CVn,13.70306,28.3753,16.2,6.39,V,
NGC2070,Tarantula Nebula,HII,Dor,5.64472,-69.1006,16.0,7.25,V,
NGC3109,,GAL_SB,Hya,10.05167,-26.1594,16.0,10.04,V,23.59
NGC6744,,GAL_SA,Pav,19.16278,-63.8575,15.67,8.25,V,23.47
M6,Butterfly Cluster,OPENCLUSTER,Sco,17.67222,-32.2542,15.6,4.2,V,
NGC6397,,GLOBULAR,Ara,17.67806,-53.6733,15.3,5.17,V,
IC2872,,NEBULA,Cen,11.46889,-62.9889,15.14,,V,
IC359A,,REFLECTION,Tau,4.31139,28.2897,15.0,,V,
IC448,,HII,Mon,6.54556,7.3886,15.0,,V,
M93,,OPENCLUSTER,Pup,7.74139,-23.8531,15.0,6.2,V,
IC4685,,NEBULA,Sgr,18.155,-23.9869,15.0,,V,
NGC6559,,NEBULA,Sgr,18.16556,-24.1064,15.0,,V,
IC1283,,HII,Sgr,18.28806,-19.7619,15.0,,V,
IC1310,,CLUSTERNEB,Cyg,20.16667,34.9689,15.0,,V,
NGC7243,,OPENCLUSTER,Lac,22.2525,49.8975,15.0,6.4,V,
NGC7635,Bubble Nebula,HII,Cas,23.34583,61.2122,15.0,11.0,B,
NGC4631,Whale Galaxy,GAL_SB,CVn,12.70194,32.5414,14.45,9.19,V,22.44
NGC869,H Persei Cluster,OPENCLUSTER,Per,2.31639,57.1172,14.4,3.7,V,
Mel071,,OPENCLUSTER,Pup,7.62583,-12.0547,14.4,7.1,V,
M92,,GLOBULAR,Her,17.28528,43.1364,14.4,6.52,V,
NGC7789,,OPENCLUSTER,Cas,23.95667,56.7081,14.4,6.7,V,
M50,,OPENCLUSTER,Mon,7.04417,-8.3642,14.1,5.9,V,
M25,,OPENCLUSTER,Sgr,18.52944,-19.1147,14.1,4.6,V,
IC1396,,CLUSTERNEB,Cep,21.64917,57.4889,14.0,,V,
NGC1662,,OPENCLUSTER,Ori,4.80806,10.9303,13.8,6.4,V,
NGC6231,,OPENCLUSTER,Sco,16.90306,-41.8242,13.8,2.6,V,
NGC6366,,GLOBULAR,Oph,17.46194,-5.0767,13.8,,V,
M51,Whirlpool Galaxy,GAL_SAB,CVn,13.49806,47.195,13.71,8.36,V,22.9
M83,Southern Pinwheel Galaxy,GAL_SA,Hya,13.61667,-29.8656,13.61,7.52,V,22.2
NGC6124,,OPENCLUSTER,Sco,16.42194,-40.6533,13.5,5.8,V,
NGC1316,Fornax a,GAL_S0,For,3.37806,-37.2081,13.46,8.53,V,23.77
NGC5460,,OPENCLUSTER,Cen,14.12417,-48.3425,13.2,5.6,V,
NGC6752,,GLOBULAR,Pav,19.18083,-59.9817,13.2,6.28,V,
NGC891,,GAL_SA,And,2.37556,42.3489,13.03,9.93,V,24.17
IC417,,HII,Aur,5.46806,34.4239,13.0,,V,
NGC185,,GAL_E,Cas,0.64917,48.3372,12.94,9.2,V,24.58
IC2574,Coddingtons Nebula,GAL_SAB,UMa,10.47306,68.4119,12.91,10.87,V,24.38
M17,Horseshoe Nebula,NEBULA,Sgr,18.34639,-16.1717,12.6,7.0,V,
M22,Great Sagittarius Cluster,GLOBULAR,Sgr,18.60667,-23.9031,12.6,6.17,V,
NGC2539,,OPENCLUSTER,Pup,8.17667,-12.8206,12.3,6.5,V,
NGC3114,,OPENCLUSTER,Car,10.04167,-60.1306,12.3,4.2,V,
NGC1365,,GAL_SA,For,3.56,-36.1403,12.02,9.63,V,24.01
IC1795,,HII,Cas,2.44194,62.0414,12.0,,V,
NGC2183,,HII,Mon,6.17944,-6.2117,12.0,15.15,B,
M41,,OPENCLUSTER,CMa,6.76667,-20.7542,12.0,4.5,V,
NGC3532,Wishing Well Cluster,OPENCLUSTER,Car,11.09667,-58.7706,12.0,3.0,V,
NGC4372,,GLOBULAR,Mus,12.42917,-72.6592,12.0,9.85,V,
IC4591,,HII,Sco,16.20472,-27.9278,12.0,,V,
NGC6633,,OPENCLUSTER,Oph,18.45417,6.5081,12.0,4.6,V,
M55,,GLOBULAR,Sgr,19.66639,-30.9619,12.0,6.49,V,
NGC6939,,OPENCLUSTER,Cep,20.52472,60.6619,12.0,7.8,V,
NGC6995,,REMNANT,Cyg,20.95306,31.235,12.0,7.0,B,
NGC2903,,GAL_SA,Leo,9.53583,21.5006,11.94,9.07,V,23.02
M63,Sunflower Galaxy,GAL_SA,CVn,13.26333,42.0292,11.83,8.59,V,23.04
NGC744,,OPENCLUSTER,Per,1.975,55.4744,11.7,7.9,V,
NGC2423,,OPENCLUSTER,Pup,7.61833,-13.8714,11.7,6.7,V,
M86,,GAL_E,Vir,12.43667,12.9461,11.53,8.9,V,23.9
NGC1245,,OPENCLUSTER,Per,3.24444,47.2386,11.4,8.4,V,
NGC1664,,OPENCLUSTER,Aur,4.85139,43.6761,11.4,7.6,V,
M37,,OPENCLUSTER,Aur,5.87167,32.5528,11.4,5.6,V,
NGC2264,Christmas Tree Cluster,CLUSTERNEB,Mon,6.68278,9.8953,11.4,3.9,V,
NGC6025,,OPENCLUSTER,TrA,16.05472,-60.4314,11.4,5.1,V,
NGC6946,Fireworks Galaxy,GAL_SAB,Cyg,20.58083,60.1539,11.4,10.5,B,23.73
NGC5907,,GAL_SAB,Dra,15.265,56.3286,11.3,11.4,B,23.6
NGC1532,,GAL_SB,Eri,4.20083,-32.8742,11.27,10.65,B,23.78
NGC1269,,GAL_S0A,Eri,3.28833,-41.1081,11.17,8.81,V,23.36
M12,Gumball Cluster,GLOBULAR,Oph,16.7875,-1.9478,11.1,6.07,V,
M15,Great Pegasus Cluster,GLOBULAR,Peg,21.49917,12.1667,11.1,6.3,V,
NGC1313,,GAL_SB,Ret,3.30417,-66.4981,11.07,10.0,V,23.44
NGC3628,,GAL_SB,Leo,11.33806,13.5894,11.04,9.48,V,23.13
M98,,GAL_SAB,Com,12.23,14.9003,11.04,10.14,V,23.89
M82,Cigar Galaxy,GAL_SA,UMa,9.93139,69.6792,10.99,8.41,V,22.22
IC430,,NEBULA,Ori,5.64306,-7.0831,10.96,14.4,V,
NGC2281,,OPENCLUSTER,Aur,6.80472,41.0786,10.8,5.4,V,
NGC2301,Great Bird Cluster,OPENCLUSTER,Mon,6.86222,0.4592,10.8,6.0,V,
NGC2506,,OPENCLUSTER,Mon,8.00056,-10.7694,10.8,7.6,V,
NGC6940,,OPENCLUSTER,Vul,20.57417,28.2825,10.8,6.3,V,
NGC925,,GAL_SA,Tri,2.45444,33.5792,10.72,10.12,V,23.94
NGC1097,,GAL_SB,For,2.77167,-30.2747,10.57,9.48,V,23.63
NGC4559,,GAL_SA,Com,12.59917,27.96,10.57,10.01,V,23.48
M64,Black Eye Galaxy,GAL_SAB,Com,12.94556,21.6828,10.52,8.52,V,22.68
NGC884,Chi Persei Cluster,OPENCLUSTER,Per,2.37556,57.1439,10.5,3.8,V,
NGC7793,,GAL_SA,Scl,23.96389,-32.5908,10.42,9.28,V,23.05
M66,Leo Triplet,GAL_SA,Leo,11.3375,12.9914,10.28,8.92,V,22.96
NGC2997,,GAL_SAB,Ant,9.76056,-31.1908,10.26,9.41,V,23.42
M49,,GAL_E,Vir,12.49639,8.0003,10.21,12.17,V,23.25
NGC957,,OPENCLUSTER,Per,2.55528,57.5694,10.2,7.6,V,
NGC1502,,OPENCLUSTER,Cam,4.13028,62.3314,10.2,6.9,V,
NGC1579,,CLUSTERNEB,Per,4.50389,35.2692,10.2,,V,
NGC1977,Running Man Nebula,CLUSTERNEB,Ori,5.58778,-4.8442,10.2,,V,
NGC6087,S Nor Cluster,OPENCLUSTER,Nor,16.31417,-57.9344,10.2,5.4,V,
NGC6281,,OPENCLUSTER,Sco,17.07806,-37.9853,10.2,5.4,V,
IC59,,REFLECTION,Cas,0.95806,61.1436,10.0,,V,
IC63,,HII,Cas,0.99139,60.9117,10.0,13.33,B,
NGC896,,NEBULA,Cas,2.42417,62.0192,10.0,,V,
IC348,Omicron Persei Cloud,CLUSTERNEB,Per,3.74278,32.1628,10.0,,V,
NGC1945,,EMISSION,Dor,5.41528,-66.4572,10.0,,V,
NGC1975,,NEBULA,Ori,5.58806,-4.6853,10.0,7.0,B,
IC426,,NEBULA,Ori,5.60833,0.2981,10.0,,V,
IC432,,REFLECTION,Ori,5.68194,-1.5067,10.0,,V,
NGC2023,,REFLECTION,Ori,5.69389,-2.2592,10.0,,V,
NGC2064,,REFLECTION,Ori,5.77167,0.0058,10.0,,V,
NGC2246,Rosette B,NEBULA,Mon,6.54278,5.1281,10.0,,V,
NGC2359,,HII,CMa,7.30833,-13.2269,10.0,,V,
IC4812,,NEBULA,CrA,19.01778,-37.0603,10.0,,V,
NGC6847,,CLUSTERNEB,Cyg,19.94389,30.2128,10.0,,V,
NGC7023,Iris Nebula,NEBULA,Cep,21.02667,68.1694,10.0,7.2,B,
IC5146,Cocoon Nebula,CLUSTERNEB,Cyg,21.89139,47.2667,10.0,7.2,V,
NGC5084,,GAL_S0,Vir,13.33806,-21.8275,9.93,12.21,V,25.22
NGC2232,,OPENCLUSTER,Mon,6.46667,-4.8475,9.9,3.9,V,
NGC5316,,OPENCLUSTER,Cen,13.89917,-61.8692,9.9,6.0,V,
NGC5897,,GLOBULAR,Lib,15.28972,-21.01,9.9,8.52,V,
M52,The Scorpion,OPENCLUSTER,Cas,23.41306,61.5931,9.9,6.9,V,
M74,,GAL_SA,Psc,1.61167,15.7836,9.89,9.46,V,23.37
NGC5033,,GAL_SA,CVn,13.22417,36.5939,9.84,12.03,V,23.78
NGC3621,,GAL_SB,Hya,11.30444,-32.8142,9.79,9.56,V,23.03
NGC4725,,GAL_SAB,Com,12.84056,25.5006,9.71,12.44,V,23.39
NGC5102,,GAL_ES0,Cen,13.36583,-36.6303,9.71,9.65,V,23.87
NGC288,,GLOBULAR,Scl,0.87944,-26.5897,9.6,8.13,V,
NGC1528,,OPENCLUSTER,Per,4.25528,51.2114,9.6,6.4,V,
M38,,OPENCLUSTER,Aur,5.47806,35.8547,9.6,6.4,V,
NGC3201,,GLOBULAR,Vel,10.29333,-46.4108,9.6,8.24,V,
NGC6250,,CLUSTERNEB,Ara,16.96556,-45.9367,9.6,5.9,V,
IC4651,,OPENCLUSTER,Ara,17.41333,-49.9381,9.6,6.9,V,
IC1276,,GLOBULAR,---,18.17889,-7.2072,9.6,,V,
NGC6604,,OPENCLUSTER,---,18.30056,-12.2431,9.6,6.5,V,
NGC7142,,OPENCLUSTER,Cep,21.75278,65.7742,9.6,9.3,V,
NGC2683,,GAL_SA,Lyn,8.87806,33.4217,9.48,9.79,V,22.76
NGC147,,GAL_E,Cas,0.55306,48.5086,9.4,9.5,V,24.29
NGC1817,,OPENCLUSTER,Tau,5.20694,16.6839,9.3,7.7,V,
NGC1980,Lower Sword,CLUSTERNEB,Ori,5.59056,-5.91,9.3,2.5,V,
NGC2239,,CLUSTERNEB,Mon,6.53194,4.9428,9.3,4.8,V,
NGC2520,,OPENCLUSTER,Pup,8.08278,-28.1467,9.3,6.5,V,
M10,,GLOBULAR,Oph,16.9525,-4.0992,9.3,4.98,V,
NGC6723,,GLOBULAR,Sgr,18.99222,-36.6314,9.3,,V,
NGC6871,,OPENCLUSTER,Cyg,20.09944,35.7772,9.3,5.2,V,
NGC7331,,GAL_SA,Peg,22.61778,34.4153,9.27,9.48,V,23.08
NGC4438,,GAL_SA,Vir,12.46278,13.0086,9.16,10.17,V,24.21
M90,,GAL_SA,Vir,12.61389,13.1628,9.12,9.54,V,23.16
NGC4517,,GAL_SA,Vir,12.54583,0.115,9.02,11.1,B,23.18
NGC559,,OPENCLUSTER,Cas,1.49222,63.3014,9.0,9.5,V,
NGC1491,,HII,Per,4.05389,51.3158,9.0,,V,
NGC1851,,GLOBULAR,Col,5.23528,-40.0467,9.0,7.23,V,
NGC1981,Upper Sword,CLUSTERNEB,Ori,5.58583,-4.4247,9.0,4.2,V,
NGC2360,Carolines Cluster,OPENCLUSTER,CMa,7.29528,-15.6414,9.0,7.2,V,
NGC2374,,OPENCLUSTER,CMa,7.39889,-13.2631,9.0,8.0,V,
NGC2808,,GLOBULAR,Car,9.20056,-64.8628,9.0,5.69,V,
M53,,GLOBULAR,Com,13.21528,18.1689,9.0,7.79,V,
NGC6469,,OPENCLUSTER,Sgr,17.88667,-22.2747,9.0,8.2,V,
M11,Amas De Lecu De Sobieski,OPENCLUSTER,Sct,18.85167,-6.2697,9.0,5.8,V,
NGC6726,,REFLECTION,CrA,19.02722,-36.8914,9.0,,V,
NGC7082,,OPENCLUSTER,Cyg,21.48806,47.1261,9.0,7.2,V,
M30,,GLOBULAR,Cap,21.67278,-23.1792,9.0,7.1,V,
NGC362,,GLOBULAR,Tuc,1.05389,-70.8481,8.7,6.58,V,
NGC2194,,OPENCLUSTER,Ori,6.22917,12.8067,8.7,8.5,V,
NGC2324,,OPENCLUSTER,Mon,7.06889,1.0444,8.7,8.4,V,
NGC2335,,OPENCLUSTER,Mon,7.11333,-10.0283,8.7,7.2,V,
NGC2439,,OPENCLUSTER,Pup,7.67917,-31.6922,8.7,6.9,V,
NGC6709,,OPENCLUSTER,Aql,18.85528,10.3186,8.7,6.7,V,
M88,,GAL_SA,Com,12.53306,14.4203,8.65,13.18,V,23.17
NGC1399,,GAL_E,For,3.64139,-35.4506,8.51,9.59,V,23.95
NGC2081,,CLUSTERNEB,Dor,5.66639,-69.4056,8.5,,V,
M104,Sombrero Galaxy,GAL_SA,Crv,12.66639,-11.6231,8.45,8.0,V,22.26
NGC1512,,GAL_SA,Hor,4.065,-43.3489,8.43,10.54,V,24.11
NGC2158,,OPENCLUSTER,Gem,6.12389,24.0961,8.4,8.6,V,
NGC2215,,OPENCLUSTER,Mon,6.34667,-7.2839,8.4,8.45,V,
NGC2669,,OPENCLUSTER,Vel,8.77306,-52.9472,8.4,6.1,V,
Mel101,,OPENCLUSTER,Car,10.70306,-65.0997,8.4,8.0,V,
NGC4833,,GLOBULAR,Mus,12.99306,-70.8744,8.4,7.79,V,
NGC6208,,OPENCLUSTER,Ara,16.82417,-53.7281,8.4,7.2,V,
NGC6334,,REMNANT,Sco,17.34694,-36.1028,8.4,,V,
NGC6362,,GLOBULAR,Ara,17.53167,-67.0478,8.4,8.86,V,
NGC6388,,GLOBULAR,Sco,17.60444,-44.7356,8.4,7.4,B,
M2,,GLOBULAR,Aqr,21.5575,0.8231,8.4,6.25,V,
NGC134,,GAL_SAB,Scl,0.50583,-33.2442,8.38,10.12,V,23.4
NGC3521,,GAL_SAB,Leo,11.09667,0.0356,8.32,9.02,V,22.75
NGC1560,,GAL_SA,Cam,4.54667,71.8831,8.3,12.1,B,24.08
M96,,GAL_SA,Leo,10.77917,11.8197,8.26,9.25,V,23.14
NGC4762,,GAL_S0,Vir,12.88194,11.2306,8.26,11.1,B,24.3
NGC3079,,GAL_GENERIC,UMa,10.03278,55.6797,8.18,10.86,V,23.17
NGC4535,,GAL_SA,Vir,12.57194,8.1975,8.15,11.1,B,23.79
NGC7090,,GAL_SA,Ind,21.60806,-54.5569,8.15,11.05,V,23.32
M89,,GAL_E,Vir,12.59417,12.5561,8.13,9.75,V,24.11
NGC5662,,OPENCLUSTER,Cen,14.59389,-56.6181,8.1,5.5,V,
NGC6067,,OPENCLUSTER,Nor,16.21944,-54.2189,8.1,5.6,V,
NGC6200,,OPENCLUSTER,Ara,16.73528,-47.4628,8.1,7.4,V,
NGC7640,,GAL_SA,And,23.36833,40.8453,8.09,11.6,B,23.61
M109,,GAL_SA,UMa,11.96,53.3744,8.07,9.88,V,23.45
NGC1448,,GAL_SA,Hor,3.74194,-44.6444,8.02,11.46,B,23.27
M1,The Crab Nebula,REMNANT,Tau,5.57556,22.0144,8.0,8.4,V,
IC431,,REFLECTION,Ori,5.67056,-1.4628,8.0,,V,
NGC2067,,REFLECTION,Ori,5.77556,0.1311,8.0,,V,
IC444,,REFLECTION,Gem,6.30917,23.3131,8.0,7.03,B,
NGC4656,,GAL_PAIR,CVn,12.73278,32.1681,8.0,,V,
NGC7538,,CLUSTERNEB,Cep,23.22722,61.5122,8.0,,V,
NGC5170,,GAL_SA,Vir,13.49667,-17.9664,7.96,10.79,V,23.95
NGC3263,,GAL_GENERIC,Vel,10.48667,-44.1231,7.83,11.46,B,24.4
NGC4216,,GAL_SAB,Vir,12.265,13.1492,7.82,10.01,V,23.12
NGC457,Owl Cluster,OPENCLUSTER,Cas,1.32556,58.2906,7.8,6.4,V,
NGC1027,,OPENCLUSTER,Cas,2.70944,61.5942,7.8,6.7,V,
NGC1582,,OPENCLUSTER,Per,4.52944,43.7847,7.8,7.0,V,
NGC2547,,OPENCLUSTER,Vel,8.16917,-49.2056,7.8,4.7,V,
NGC4103,,OPENCLUSTER,Cru,12.11083,-61.25,7.8,7.4,V,
M107,,GLOBULAR,Oph,16.54194,-13.0533,7.8,8.85,V,
M62,Flickering Globular,GLOBULAR,Oph,17.02028,-30.1125,7.8,7.39,V,
NGC6568,,OPENCLUSTER,Sgr,18.21194,-21.6281,7.8,8.6,V,
NGC7039,,OPENCLUSTER,Cyg,21.17972,45.6217,7.8,7.6,V,
M32,,GAL_E,And,0.71167,40.8653,7.74,8.08,V,22.17
M94,Crocs Eye Galaxy,GAL_SAB,CVn,12.84806,41.1203,7.74,8.24,V,21.79
M65,Leo Triplet,GAL_SA,Leo,11.31556,13.0922,7.64,9.32,V,22.73
NGC2613,,GAL_SA,Pyx,8.55639,-22.9733,7.62,10.42,V,23.28
NGC6249,,OPENCLUSTER,Sco,16.96167,-44.8117,7.6,8.2,V,
IC5134,,NEBULA,Cep,21.71639,66.1028,7.59,,V,
NGC2343,,OPENCLUSTER,Mon,7.13528,-10.6167,7.5,6.7,V,
Mel072,,OPENCLUSTER,Pup,7.4775,-10.6997,7.5,10.1,V,
NGC2420,,OPENCLUSTER,Gem,7.63972,21.5739,7.5,8.3,V,
NGC2925,,OPENCLUSTER,Vel,9.55306,-53.3958,7.5,8.3,V,
NGC6192,,OPENCLUSTER,Sco,16.67306,-43.3667,7.5,8.5,V,
M19,,GLOBULAR,Oph,17.04389,-26.2681,7.5,5.57,V,
NGC6541,,GLOBULAR,CrA,18.13389,-43.7156,7.5,7.32,V,
NGC5068,,GAL_SA,Vir,13.31528,-21.0392,7.48,10.01,V,23.65
NGC3432,,GAL_SB,LMi,10.87528,36.6186,7.41,11.67,V,23.63
M84,,GAL_E,Vir,12.41778,12.8869,7.41,10.49,V,23.23
NGC1023,,GAL_ES0,Per,2.67306,39.0631,7.4,9.35,V,22.59
NGC3184,,GAL_SAB,UMa,10.30444,41.4239,7.4,10.4,B,23.47
NGC5746,,GAL_SA,Vir,14.74889,1.955,7.24,12.3,B,23.19
NGC1566,,GAL_SAB,Dor,4.33306,-54.9378,7.23,9.73,V,23.03
M95,,GAL_SA,Leo,10.73278,11.7036,7.23,9.73,V,23.26
M79,,GLOBULAR,Lep,5.40306,-24.5242,7.2,8.16,V,
M36,,OPENCLUSTER,Aur,5.605,34.1406,7.2,6.0,V,
NGC2169,,OPENCLUSTER,Ori,6.13972,13.9647,7.2,5.9,V,
NGC2362,,OPENCLUSTER,CMa,7.31139,-24.9542,7.2,4.1,V,
NGC2571,,OPENCLUSTER,Pup,8.31556,-29.7492,7.2,7.0,V,
NGC2658,,OPENCLUSTER,Pyx,8.72417,-32.6558,7.2,9.2,V,
IC2488,,OPENCLUSTER,Car,9.46056,-57.0067,7.2,7.4,V,
IC2714,,OPENCLUSTER,Car,11.29056,-62.725,7.2,8.2,V,
IC2944,Lambda Centauri Nebula,CLUSTERNEB,Cen,11.59639,-63.0194,7.2,4.5,B,
NGC5749,,OPENCLUSTER,Lup,14.81472,-54.4978,7.2,8.8,V,
NGC6167,,OPENCLUSTER,Ara,16.57639,-49.7717,7.2,6.7,V,
NGC6352,,GLOBULAR,Ara,17.42444,-48.4228,7.2,8.87,V,
NGC6451,,OPENCLUSTER,Sco,17.84444,-30.2117,7.2,8.2,V,
NGC6716,,OPENCLUSTER,Sgr,18.90917,-19.9008,7.2,7.5,V,
NGC6811,,OPENCLUSTER,Cyg,19.62167,46.3886,7.2,6.8,V,
IC5052,,GAL_SB,Pav,20.86806,-69.2017,7.16,11.66,V,23.25
NGC4697,,GAL_E,Vir,12.81,-5.8006,7.14,10.97,B,23.36
M87,Virgo a,GAL_E,Vir,12.51333,12.3908,7.11,8.63,V,22.79
NGC3115,Spindle Galaxy,GAL_ES0,Sex,10.08694,-7.7183,7.1,11.0,B,23.02
NGC4536,,GAL_SAB,Vir,12.57417,2.1881,7.08,10.55,V,23.26
NGC672,,GAL_GENERIC,Tri,1.79833,27.4328,7.01,11.09,V,23.58
NGC4088,,GAL_SAB,UMa,12.09278,50.5389,7.01,11.2,B,23.45
NGC1948,,CLUSTERNEB,Dor,5.42917,-66.2667,7.0,10.61,V,
NGC2071,,CLUSTERNEB,Ori,5.78528,0.2942,7.0,8.0,B,
NGC6979,,REMNANT,Cyg,20.84083,32.0258,7.0,,V,
IC5076,,REFLECTION,Cyg,20.92556,47.3956,7.0,,V,
NGC1398,,GAL_SB,For,3.64778,-26.3378,6.95,10.37,B,23.28
M85,,GAL_S0A,Com,12.42306,18.1914,6.95,9.05,V,22.87
NGC4526,,GAL_S0,Vir,12.5675,7.6994,6.95,10.6,B,23.43
NGC7582,,GAL_SB,Gru,23.30667,-42.3706,6.95,10.62,V,23.83
NGC1055,,GAL_SB,Cet,2.69556,0.4431,6.92,10.59,V,23.87
NGC2345,,OPENCLUSTER,CMa,7.13833,-13.1939,6.9,7.7,V,
NGC2818A,,CLUSTERNEB,Pyx,9.26806,-36.6267,6.9,12.5,B,
NGC2841,,GAL_SB,UMa,9.36722,50.9764,6.9,9.22,V,22.48
NGC3766,Pearl Cluster,OPENCLUSTER,Cen,11.60389,-61.6053,6.9,5.3,V,
NGC5281,,OPENCLUSTER,Cen,13.77639,-62.9167,6.9,5.9,V,
NGC6134,,OPENCLUSTER,Nor,16.46306,-49.1508,6.9,7.2,V,
NGC6178,,OPENCLUSTER,Sco,16.59639,-45.6439,6.9,7.2,V,
M9,,GLOBULAR,Oph,17.32,-18.5164,6.9,8.42,V,
NGC6374,,OPENCLUSTER,Sco,17.57833,-32.5814,6.9,5.5,V,
NGC6546,,OPENCLUSTER,Sgr,18.12306,-23.2958,6.9,8.0,V,
NGC6743,,OPENCLUSTER,Lyr,19.0225,29.2772,6.9,8.2,B,
NGC6819,Foxhead Cluster,OPENCLUSTER,Cyg,19.68806,40.1867,6.9,7.3,V,
M71,,GLOBULAR,Sge,19.89583,18.7783,6.9,6.1,V,
NGC6997,,CLUSTERNEB,Cyg,20.94417,44.6314,6.9,10.0,V,
NGC7261,,OPENCLUSTER,Cep,22.335,58.0517,6.9,8.4,V,
NGC3923,,GAL_E,Hya,11.85056,-28.8058,6.89,9.8,V,23.8
M61,Swelling Spiral,GAL_SA,Vir,12.36528,4.4736,6.89,9.65,V,23.05
NGC1232,,GAL_SAB,Eri,3.16278,-20.5792,6.79,9.87,V,23.33
NGC4214,,GAL_IRR,CVn,12.26056,36.3267,6.79,9.93,V,22.88
M60,,GAL_E,Vir,12.72778,11.5525,6.78,8.79,V,22.81
IC10,,GAL_IRR,Cas,0.33806,59.3036,6.76,9.5,V,24.53
NGC4490,,GAL_SB,CVn,12.50972,41.6439,6.71,9.79,V,21.43
NGC3344,,GAL_SA,LMi,10.72528,24.9219,6.7,9.86,V,23.33
M27,Dumbbell Nebula,PLANETARY,Vul,19.99306,22.7208,6.7,7.4,V,
IC5201,,GAL_SA,Gru,22.34917,-46.0356,6.7,11.53,B,23.53
NGC3585,,GAL_E,Hya,11.22139,-26.7544,6.61,10.64,B,23.74
NGC2252,,OPENCLUSTER,Mon,6.57833,5.3661,6.6,7.7,V,
NGC2353,,OPENCLUSTER,Mon,7.24167,-10.2656,6.6,7.1,V,
NGC2396,,OPENCLUSTER,Pup,7.4675,-11.7194,6.6,7.4,V,
NGC2482,,OPENCLUSTER,Pup,7.91917,-24.2544,6.6,7.3,V,
NGC2645,,OPENCLUSTER,Vel,8.65056,-46.2269,6.6,7.32,V,
NGC3228,,OPENCLUSTER,Vel,10.35583,-51.7222,6.6,6.0,V,
NGC4337,,OPENCLUSTER,Cru,12.40056,-58.1239,6.6,8.9,V,
M68,,GLOBULAR,Hya,12.65778,-26.7431,6.6,7.96,V,
NGC5286,,GLOBULAR,Cen,13.77417,-51.3733,6.6,8.31,V,
NGC5466,,GLOBULAR,Boo,14.09056,28.5344,6.6,9.7,V,
NGC5927,,GLOBULAR,Nor,15.46667,-50.6728,6.6,8.86,V,
NGC6152,,OPENCLUSTER,Nor,16.54583,-52.6439,6.6,8.1,V,
NGC6242,,OPENCLUSTER,Sco,16.92556,-39.4606,6.6,6.4,V,
NGC6284,,GLOBULAR,Oph,17.07444,-24.7642,6.6,7.43,V,
NGC6342,,GLOBULAR,Oph,17.35278,-19.5872,6.6,10.01,V,
M70,,GLOBULAR,Sgr,18.72028,-32.2917,6.6,9.06,V,
NGC625,,GAL_SB,Phe,1.58444,-41.4358,6.55,11.25,V,23.43
IC2531,,GAL_SA,Ant,9.99889,-29.6167,6.55,13.19,B,23.91
IC4351,,GAL_SA,Hya,13.96472,-29.3156,6.55,12.61,B,24.19
NGC2280,,GAL_SA,CMa,6.74667,-27.6383,6.53,11.13,B,23.17
IC1727,,GAL_SB,Tri,1.79167,27.3333,6.52,11.98,V,24.02
NGC3717,,GAL_SA,Hya,11.52556,-30.3078,6.52,12.21,B,24.21
NGC4753,,GAL_S0A,Vir,12.87278,-1.1994,6.49,9.95,V,23.31
NGC3198,,GAL_SA,UMa,10.33167,45.5494,6.46,10.33,V,22.68
NGC4656NED01,,GAL_SB,CVn,12.73278,32.17,6.46,10.52,V,20.62
NGC2835,,GAL_SA,Hya,9.29806,-22.3544,6.43,11.03,B,23.39
NGC1360,,PLANETARY,For,3.55417,-25.8717,6.42,9.4,V,
NGC4636,,GAL_E,Vir,12.71389,2.6878,6.35,11.84,V,22.91
NGC4731,,GAL_GENERIC,Vir,12.85028,-6.3931,6.32,12.0,B,23.72
NGC5866,Spindle Galaxy,GAL_S0A,Dra,15.10806,55.7631,6.31,9.89,V,23.4
IC1590,,CLUSTERNEB,Cas,0.88056,56.6428,6.3,,V,
NGC654,,OPENCLUSTER,Cas,1.73306,61.8825,6.3,6.5,V,
NGC1342,,OPENCLUSTER,Per,3.52778,37.3792,6.3,6.7,V,
NGC2204,,OPENCLUSTER,CMa,6.25889,-18.6656,6.3,8.6,V,
NGC2479,,OPENCLUSTER,Pup,7.91806,-17.7078,6.3,9.6,V,
NGC4349,,OPENCLUSTER,Cru,12.40167,-61.8706,6.3,7.4,V,
NGC4527,,GAL_SAB,Vir,12.56889,2.6536,6.3,12.4,B,23.1
NGC6322,,OPENCLUSTER,Sco,17.30694,-42.9342,6.3,6.0,V,
NGC6605,,OPENCLUSTER,---,18.27278,-15.0153,6.3,6.0,V,
NGC6791,,OPENCLUSTER,Lyr,19.34806,37.7717,6.3,9.5,V,
NGC6910,,OPENCLUSTER,Cyg,20.38667,40.7783,6.3,7.4,V,
NGC7063,,OPENCLUSTER,Cyg,21.40583,36.4872,6.3,7.0,V,
NGC1553,,GAL_S0,Dor,4.26917,-55.7803,6.25,9.4,V,22.99
NGC4293,,GAL_S0A,Com,12.35333,18.3822,6.24,11.6,B,23.61
NGC4157,,GAL_SAB,CVn,12.18417,50.4844,6.22,11.35,V,23.65
NGC5023,,GAL_SA,CVn,13.20333,44.0411,6.22,13.2,B,23.84
NGC1433,,GAL_SB,Hor,3.70056,-47.2219,6.19,9.99,V,23.12
NGC24,,GAL_SA,Scl,0.16556,-24.9631,6.18,11.58,V,24.01
NGC45,,GAL_SAB,Cet,0.23417,-23.1819,6.18,10.73,V,23.8
NGC908,,GAL_SAB,Cet,2.38444,-21.2339,6.14,10.18,V,22.86
NGC1672,,GAL_SA,Dor,4.76167,-59.2469,6.14,9.68,V,22.93
NGC3953,,GAL_SA,UMa,11.89667,52.3267,6.14,11.08,B,22.64
M77,Cetus a,GAL_SA,Cet,2.71139,0.0131,6.11,8.87,V,22.35
M100,The Mirror of M99,GAL_SAB,Com,12.38167,15.8217,6.1,9.35,V,22.61
IC5332,,GAL_SAB,Scl,23.57417,-36.1008,6.07,10.72,V,23.92
NGC3511,,GAL_SAB,Crt,11.05667,-23.0867,6.04,11.66,B,23.29
IC420,,NEBULA,Ori,5.53583,-4.5044,6.03,,V,
IC4182,,GAL_SA,CVn,13.09694,37.6047,6.01,11.86,B,25.09
NGC7410,,GAL_SB,Gru,22.91667,-39.6614,6.01,11.8,V,23.36
NGC381,,OPENCLUSTER,Cas,1.13806,61.5831,6.0,9.3,V,
NGC663,,OPENCLUSTER,Cas,1.77083,61.2181,6.0,7.1,V,
NGC1893,,OPENCLUSTER,Aur,5.37889,33.4119,6.0,7.5,V,
IC423,,NEBULA,Ori,5.55583,0.6142,6.0,,V,
B033,Horsehead Nebula,DARK,Ori,5.68306,-2.4581,6.0,,V,
NGC2122,,CLUSTERNEB,Men,5.81444,-70.0697,6.0,10.43,V,
NGC2259,,OPENCLUSTER,Mon,6.63917,10.8833,6.0,10.8,V,
NGC2311,,OPENCLUSTER,Mon,6.96306,-4.6114,6.0,9.6,V,
NGC2355,,OPENCLUSTER,Gem,7.28306,13.7497,6.0,9.7,V,
NGC2567,,OPENCLUSTER,Pup,8.30944,-30.6356,6.0,7.4,V,
NGC2587,,OPENCLUSTER,Pup,8.39,-29.5083,6.0,9.2,V,
IC2395,,OPENCLUSTER,Vel,8.70806,-48.1506,6.0,4.6,V,
IC2581,,OPENCLUSTER,Car,10.45806,-57.6169,6.0,4.3,V,
NGC3496,,OPENCLUSTER,Car,10.99278,-60.3367,6.0,8.2,V,
IC2948,,CLUSTERNEB,Cen,11.65167,-63.4439,6.0,,V,
NGC3960,,OPENCLUSTER,Cen,11.84222,-55.6694,6.0,8.3,V,
NGC4302,,GAL_SA,Com,12.36167,14.5981,6.0,11.61,V,23.42
H05,,OPENCLUSTER,Cru,12.45417,-60.7781,6.0,7.1,V,
NGC6253,,OPENCLUSTER,Ara,16.98444,-52.7089,6.0,10.2,V,
NGC6259,,OPENCLUSTER,Sco,17.01222,-44.655,6.0,8.0,V,
NGC6268,,OPENCLUSTER,Sco,17.03583,-39.7281,6.0,9.5,V,
NGC6400,,OPENCLUSTER,Sco,17.67028,-36.9478,6.0,8.8,V,
M21,,OPENCLUSTER,Sgr,18.07028,-22.4897,6.0,5.9,V,
NGC6530,,CLUSTERNEB,Sgr,18.07528,-24.3581,6.0,4.6,V,
NGC6539,,GLOBULAR,---,18.08056,-7.5856,6.0,,V,
NGC6544,,GLOBULAR,Sgr,18.12194,-24.9981,6.0,9.9,V,
M18,Black Swan,OPENCLUSTER,Sgr,18.33278,-17.1017,6.0,6.9,V,
NGC6625,,OPENCLUSTER,Sct,18.38389,-12.0239,6.0,9.0,V,
NGC6664,,OPENCLUSTER,Sct,18.60917,-8.2206,6.0,7.8,V,
M26,,OPENCLUSTER,Sct,18.75528,-9.3833,6.0,8.87,V,
NGC6755,,OPENCLUSTER,Aql,19.13028,4.2664,6.0,7.5,V,
NGC6823,,CLUSTERNEB,Vul,19.71917,23.2997,6.0,7.1,V,
IC4996,,OPENCLUSTER,Cyg,20.27556,37.5553,6.0,7.3,V,
NGC7209,,OPENCLUSTER,Lac,22.08556,46.4833,6.0,7.7,V,
NGC7184,,GAL_GENERIC,Aqr,22.04417,-20.8128,5.98,11.2,V,23.13
NGC1300,,GAL_SA,Eri,3.32806,-19.4114,5.96,10.42,V,23.3
NGC6503,,GAL_SA,Dra,17.82389,70.1442,5.94,10.28,V,22.55
NGC3675,,GAL_SA,UMa,11.43556,43.5858,5.9,11.04,B,23.13
NGC5101,,GAL_S0A,Hya,13.36278,-27.4306,5.9,10.47,V,24.15
NGC4125,,GAL_E,Dra,12.13472,65.1739,5.87,9.72,V,23.34
NGC4605,,GAL_GENERIC,UMa,12.66639,61.6092,5.87,10.94,B,22.63
NGC4976,,GAL_E,Cen,13.14389,-49.5064,5.83,10.2,V,23.63
NGC3486,,GAL_SA,LMi,11.00667,28.975,5.82,10.53,V,23.35
NGC6015,,GAL_SA,Dra,15.85667,62.31,5.81,11.14,V,23.48
M56,,GLOBULAR,Lyr,19.27667,30.1844,5.8,8.4,V,
IC2469,,GAL_SB,Pyx,9.38333,-32.4494,5.79,12.07,B,23.73
NGC5529,,GAL_SAB,Boo,14.25917,36.2264,5.79,12.9,B,23.68
IC4402,,GAL_SA,Lup,14.35333,-46.2978,5.78,12.79,B,23.43
NGC2976,,GAL_SA,UMa,9.78722,67.9164,5.77,10.16,V,22.81
NGC4866,,GAL_S0A,Vir,12.99056,14.1708,5.77,11.9,B,24.19
NGC2427,,GAL_SAB,Pup,7.60778,-47.6356,5.74,11.58,V,24.09
NGC1407,,GAL_E,Eri,3.66972,-18.5797,5.73,9.67,V,23.36
NGC4939,,GAL_SA,Vir,13.07056,-10.3394,5.71,13.8,V,23.71
NGC436,,OPENCLUSTER,Cas,1.26583,58.8169,5.7,8.8,V,
NGC2251,,OPENCLUSTER,Mon,6.57694,8.3664,5.7,7.3,V,
NGC3680,,OPENCLUSTER,Cen,11.42667,-43.25,5.7,7.6,V,
M80,,GLOBULAR,Sco,16.28417,-22.975,5.7,7.3,V,
NGC6426,,GLOBULAR,Oph,17.74833,3.17,5.7,,V,
M69,,GLOBULAR,Sgr,18.52306,-32.3481,5.7,8.31,V,
NGC6712,,GLOBULAR,Sct,18.88444,-8.7056,5.7,8.69,V,
NGC4096,,GAL_SAB,UMa,12.10028,47.4783,5.65,11.61,B,22.48
NGC2768,,GAL_E,UMa,9.19389,60.0369,5.64,9.87,V,23.38
NGC5322,,GAL_E,UMa,13.82056,60.1903,5.62,11.3,B,23.64
NGC6649,,OPENCLUSTER,Sct,18.55778,-10.4028,5.58,8.9,V,
IC5267,,GAL_S0A,Gru,22.95389,-43.3958,5.58,10.47,V,23.84
NGC3137,,GAL_SAB,Ant,10.15167,-29.0642,5.57,12.21,B,24.27
NGC3945,,GAL_S0A,UMa,11.88694,60.6756,5.55,11.6,B,24.12
M91,Missing Messier,GAL_SA,Com,12.59056,14.4961,5.55,13.57,V,23.24
NGC1792,,GAL_SA,Col,5.08694,-37.9806,5.52,10.18,V,22.68
NGC1515,,GAL_SAB,Dor,4.06722,-54.1,5.5,11.03,V,23.25
NGC1866,,GLOBULAR,Dor,5.2275,-65.4656,5.5,9.73,V,
NGC4845,,GAL_SAB,Vir,12.96667,1.5756,5.5,16.31,V,23.46
NGC5195,,GAL_SB,CVn,13.5,47.2661,5.5,9.55,V,22.84
NGC613,,GAL_SA,Scl,1.57167,-29.4181,5.48,12.71,V,23.02
NGC4450,,GAL_SA,Com,12.47472,17.0847,5.46,10.08,V,22.99
NGC4217,,GAL_SA,CVn,12.26417,47.0917,5.43,12.4,B,23.64
NGC1808,,GAL_SA,Col,5.12806,-37.5131,5.42,9.94,V,22.74
NGC2188,,GAL_SB,Col,6.16917,-34.1058,5.42,11.82,V,23.26
NGC4038,Antennae Galaxies,GAL_SB,Crv,12.03139,-18.8672,5.42,10.91,B,22.94
NGC129,,OPENCLUSTER,Cas,0.49917,60.2111,5.4,6.5,V,
NGC1807,,OPENCLUSTER,Tau,5.17917,16.5125,5.4,7.0,V,
NGC1907,,OPENCLUSTER,Aur,5.46806,35.3256,5.4,8.2,V,
NGC2141,,OPENCLUSTER,Ori,6.04833,10.4464,5.4,9.4,V,
NGC2175,,CLUSTERNEB,Ori,6.16083,20.4875,5.4,6.8,V,
NGC2192,,OPENCLUSTER,Aur,6.25444,39.855,5.4,10.9,V,
NGC2236,,OPENCLUSTER,Mon,6.49417,6.8306,5.4,8.5,V,
NGC2286,,OPENCLUSTER,Mon,6.79417,-3.1478,5.4,7.5,V,
NGC2309,,OPENCLUSTER,Mon,6.93417,-7.1742,5.4,10.5,V,
NGC2367,,OPENCLUSTER,CMa,7.33444,-21.8842,5.4,7.9,V,
NGC2414,,OPENCLUSTER,Pup,7.55333,-15.4539,5.4,7.9,V,
NGC2432,,OPENCLUSTER,Pup,7.68167,-19.0692,5.4,10.2,V,
NGC2627,,OPENCLUSTER,Pyx,8.62056,-29.9506,5.4,8.4,V,
Mel105,,OPENCLUSTER,Car,11.32806,-63.4831,5.4,8.5,V,
NGC4230,,OPENCLUSTER,Cen,12.28556,-55.2858,5.4,9.4,V,
NGC4609,Coalsack Cluster,OPENCLUSTER,Cru,12.70444,-62.9956,5.4,6.9,V,
NGC4852,,OPENCLUSTER,Cen,13.00083,-59.6092,5.4,8.9,V,
NGC5986,,GLOBULAR,Lup,15.7675,-37.7858,5.4,6.92,V,
NGC6144,,GLOBULAR,Sco,16.45389,-26.0244,5.4,9.63,V,
NGC6287,,GLOBULAR,Oph,17.08556,-22.7081,5.4,10.3,V,
NGC6356,,GLOBULAR,Oph,17.39306,-17.8131,5.4,7.42,V,
NGC6453,,GLOBULAR,Sco,17.84778,-34.6,5.4,10.49,B,
NGC6520,,OPENCLUSTER,Sgr,18.05667,-27.8858,5.4,7.6,V,
NGC6553,,GLOBULAR,Sgr,18.15444,-25.9078,5.4,9.08,B,
NGC6558,,GLOBULAR,Sgr,18.17167,-31.7633,5.4,11.29,V,
NGC6645,,OPENCLUSTER,Sgr,18.54389,-16.8839,5.4,8.5,V,
NGC6760,,GLOBULAR,Aql,19.18667,1.0303,5.4,9.78,V,
NGC6934,,GLOBULAR,Del,20.56944,7.4039,5.4,9.75,V,
NGC4388,,GAL_SB,Vir,12.42944,12.6619,5.38,11.02,V,23.2
NGC3877,,GAL_SA,UMa,11.76889,47.4942,5.36,11.8,B,23.01
NGC4039,Antennae Galaxies,GAL_SB,Crv,12.03167,-18.8858,5.36,11.08,B,22.82
NGC5161,,GAL_SA,Cen,13.48694,-33.1739,5.36,11.0,V,23.43
NGC5566,,GAL_SB,Vir,14.33889,3.9336,5.36,10.55,V,23.3
NGC6300,,GAL_SB,Ara,17.28306,-62.8206,5.33,13.08,V,23.0
NGC5247,,GAL_SAB,Vir,13.63417,-17.8842,5.32,10.77,B,22.95
NGC1332,,GAL_ES0,Eri,3.43806,-21.3353,5.31,11.45,B,23.55
NGC2146,,GAL_SB,Cam,6.31056,78.3569,5.31,10.59,V,22.76
NGC1783,,GLOBULAR,Dor,4.98556,-65.9869,5.3,10.93,V,
NGC4429,,GAL_S0A,Vir,12.45722,11.1075,5.3,11.4,B,23.17
IC4721,,GAL_GENERIC,Pav,18.57333,-58.4967,5.3,11.63,V,23.75
NGC1744,,GAL_SB,Lep,4.99917,-26.0219,5.28,11.41,V,23.23
NGC3726,,GAL_SA,UMa,11.55556,47.0292,5.27,11.11,B,22.7
NGC5643,,GAL_SA,Lup,14.54444,-44.1742,5.27,13.6,V,23.02
NGC7606,,GAL_SA,Aqr,23.31806,-8.4847,5.26,11.5,B,23.81
NGC3175,,GAL_SA,Ant,10.24472,-28.8717,5.25,12.14,B,23.84
NGC1617,,GAL_SB,Dor,4.52778,-54.6019,5.24,10.26,V,23.17
NGC3384,,GAL_ES0,Leo,10.80444,12.6292,5.24,10.0,B,23.17
NGC4144,,GAL_SAB,UMa,12.16639,46.4569,5.24,12.17,B,23.01
NGC3077,,GAL_SA,UMa,10.05528,68.7339,5.21,10.14,V,22.8
NGC1763,,CLUSTERNEB,Dor,4.94667,-66.4092,5.2,9.4,V,
NGC1350,,GAL_SA,For,3.51889,-33.6283,5.18,10.52,V,23.06
NGC1964,,GAL_SAB,Lep,5.55583,-21.9456,5.16,10.81,V,23.25
NGC7456,,GAL_SA,Gru,23.03583,-39.5692,5.15,12.27,B,23.74
IC5152,,GAL_IRR,Ind,22.045,-51.2964,5.13,10.9,V,22.38
NGC1340,,GAL_E,For,3.47194,-31.0681,5.12,10.32,V,23.6
NGC4365,,GAL_E,Vir,12.40778,7.3175,5.12,11.5,B,22.9
NGC1261,,GLOBULAR,Hor,3.20417,-55.2167,5.1,8.63,V,
NGC1513,,OPENCLUSTER,Per,4.16528,49.5172,5.1,8.4,V,
NGC1760,,HII,Dor,4.94556,-66.5269,5.1,,V,
NGC2014,,NEBULA,Dor,5.53889,-67.6894,5.1,8.97,V,
NGC2243,,OPENCLUSTER,CMa,6.49278,-31.2814,5.1,9.4,V,
NGC2250,,OPENCLUSTER,Mon,6.56389,-5.0842,5.1,8.9,V,
NGC2421,,OPENCLUSTER,Pup,7.60306,-20.6119,5.1,8.3,V,
NGC2659,,OPENCLUSTER,Vel,8.70917,-45.0006,5.1,8.6,V,
NGC3293,,OPENCLUSTER,Car,10.59667,-58.2242,5.1,4.7,V,
NGC3330,,OPENCLUSTER,Vel,10.64556,-54.1306,5.1,7.4,V,
NGC3590,,OPENCLUSTER,Car,11.21639,-60.7892,5.1,8.2,V,
NGC4052,,OPENCLUSTER,Cru,12.03444,-63.2233,5.1,8.8,V,
IC4291,,OPENCLUSTER,Cen,13.61556,-62.0931,5.1,9.7,V,
NGC5617,,OPENCLUSTER,Cen,14.49556,-60.7106,5.1,6.3,V,
IC4499,,GLOBULAR,Aps,15.00528,-82.2133,5.1,8.56,V,
NGC5824,,GLOBULAR,Lup,15.06639,-33.0681,5.1,9.56,V,
NGC6440,,GLOBULAR,Sgr,17.81444,-20.3594,5.1,10.1,V,
NGC6584,,GLOBULAR,Tel,18.31056,-52.2153,5.1,8.17,V,
M28,,GLOBULAR,Sgr,18.40917,-24.8694,5.1,6.9,V,
NGC6652,,GLOBULAR,Sgr,18.59583,-32.9903,5.1,9.75,V,
M54,,GLOBULAR,Sgr,18.9175,-30.4783,5.1,7.7,V,
NGC6749,,GLOBULAR,Aql,19.08778,1.9006,5.1,12.4,V,
H20,,OPENCLUSTER,Sge,19.885,18.3331,5.1,7.7,V,
NGC6866,,OPENCLUSTER,Cyg,20.06528,44.1589,5.1,7.6,V,
NGC1549,,GAL_E,Dor,4.2625,-55.5919,5.09,9.79,V,23.08
NGC5965,,GAL_SAB,Dra,15.56694,56.6856,5.08,13.4,B,23.75
NGC488,,GAL_SA,Psc,1.36306,5.2567,5.05,15.0,B,23.15
M99,Coma Pinwheel,GAL_SA,Com,12.31389,14.4164,5.04,9.87,V,22.6
NGC5054,,GAL_SA,Vir,13.28278,-16.635,5.04,11.3,B,23.45
NGC4312,,GAL_SA,Com,12.37528,15.5378,5.02,11.72,V,23.9
NGC1404,,GAL_E,For,3.64778,-35.5942,5.01,10.0,V,23.26
NGC2336,,GAL_SA,Cam,7.45083,80.1781,5.01,12.51,V,22.98
M58,,GAL_SA,Vir,12.62889,11.8181,5.01,9.66,V,22.49
NGC5253,,GAL_SB,Cen,13.66556,-31.64,5.01,10.49,V,22.28
NGC7424,,GAL_SA,Gru,22.95472,-41.0706,5.01,10.38,V,22.75
NGC1973,,NEBULA,Ori,5.58444,-4.7317,5.0,7.0,B,
NGC2069,,NEBULA,Dor,5.64583,-68.9742,5.0,10.1,V,
IC446,,CLUSTERNEB,Mon,6.51806,10.4592,5.0,,V,
IC2220,Toby Jug Nebula,REFLECTION,Car,7.94722,-59.1256,5.0,,V,
NGC2626,,REFLECTION,Vel,8.59139,-40.6681,5.0,,V,
NGC3247,,HII,Car,10.40389,-57.7631,5.0,7.6,V,
NGC2533,,OPENCLUSTER,Pup,8.11778,-29.8839,4.98,7.6,V,
NGC609,,OPENCLUSTER,Cas,1.60667,64.5364,4.8,11.0,V,
IC2128,,CLUSTERNEB,Dor,5.37889,-68.0608,4.8,11.1,V,
NGC1931,,CLUSTERNEB,Aur,5.52333,34.2464,4.8,10.1,V,
NGC2269,,OPENCLUSTER,Mon,6.72139,4.6242,4.8,10.0,V,
NGC2298,,GLOBULAR,Pup,6.81639,-36.0053,4.8,8.89,V,
NGC2299,,OPENCLUSTER,Mon,6.865,-7.0828,4.8,8.9,V,
NGC2304,,OPENCLUSTER,Gem,6.91972,17.9928,4.8,10.0,V,
NGC2331,,OPENCLUSTER,Gem,7.11667,27.2614,4.8,8.5,V,
NGC2354,,OPENCLUSTER,CMa,7.23444,-25.6889,4.8,6.5,V,
NGC2384,,OPENCLUSTER,CMa,7.41917,-21.0197,4.8,7.4,V,
NGC2509,,OPENCLUSTER,Pup,8.01306,-19.0506,4.8,9.3,V,
NGC2910,,OPENCLUSTER,Vel,9.50806,-52.9139,4.8,7.2,V,
NGC3033,,OPENCLUSTER,Vel,9.80944,-56.4297,4.8,8.8,V,
NGC3255,,OPENCLUSTER,Car,10.44167,-60.6753,4.8,11.0,V,
NGC3324,,CLUSTERNEB,Car,10.62083,-58.6192,4.8,6.7,V,
NGC4463,,OPENCLUSTER,Mus,12.49833,-64.7894,4.8,7.2,V,
NGC5053,,GLOBULAR,Com,13.27417,17.6975,4.8,9.96,V,
NGC5925,,OPENCLUSTER,Nor,15.45722,-54.5289,4.8,8.4,V,
NGC6031,,OPENCLUSTER,Nor,16.12639,-54.015,4.8,8.5,V,
NGC6229,,GLOBULAR,Her,16.78306,47.5278,4.8,9.86,V,
NGC6316,,GLOBULAR,Oph,17.27667,-28.14,4.8,9.03,V,
NGC6425,,OPENCLUSTER,Sco,17.78389,-31.5292,4.8,7.2,V,
NGC6441,,GLOBULAR,Sco,17.83667,-37.0508,4.8,8.0,V,
NGC6507,,OPENCLUSTER,Sgr,17.99722,-17.4503,4.8,9.6,V,
NGC6517,,GLOBULAR,Oph,18.03056,-8.9592,4.8,11.08,B,
NGC7086,,OPENCLUSTER,Cyg,21.50778,51.6003,4.8,8.4,V,
NGC2395,,OPENCLUSTER,Gem,7.45333,13.6081,4.62,8.0,V,
NGC6496,,GLOBULAR,CrA,17.98417,-44.2664,4.62,9.96,B,
NGC2027,,OPENCLUSTER,Dor,5.58306,-66.9164,4.6,10.97,V,
M103,,OPENCLUSTER,Cas,1.55583,60.6578,4.5,7.4,V,
NGC637,,OPENCLUSTER,Cas,1.7175,64.0364,4.5,8.2,V,
NGC956,,OPENCLUSTER,And,2.54167,44.5933,4.5,8.9,V,
NGC1778,,OPENCLUSTER,Aur,5.13472,37.0228,4.5,7.7,V,
NGC1857,,OPENCLUSTER,Aur,5.33472,39.3433,4.5,7.0,V,
NGC2042,,OPENCLUSTER,Dor,5.60278,-68.9231,4.5,9.58,V,
M78,,REFLECTION,Ori,5.77917,0.0792,4.5,8.0,V,
NGC2419,,GLOBULAR,Lyn,7.63556,38.8797,4.5,10.05,V,
NGC2455,,OPENCLUSTER,Pup,7.81639,-21.2981,4.5,10.2,V,
NGC4439,,OPENCLUSTER,Cru,12.47389,-60.1031,4.5,8.4,V,
NGC5634,,GLOBULAR,Vir,14.49333,-5.9764,4.5,10.05,V,
NGC6101,,GLOBULAR,Aps,16.43028,-72.2017,4.5,10.08,V,
NGC6139,,GLOBULAR,Sco,16.46139,-38.8494,4.5,9.68,V,
NGC6204,,OPENCLUSTER,Ara,16.76917,-47.0167,4.5,8.2,V,
NGC6293,,GLOBULAR,Oph,17.16917,-26.5817,4.5,9.02,V,
NGC6401,,GLOBULAR,Oph,17.64333,-23.9089,4.5,10.71,V,
NGC6569,,GLOBULAR,Sgr,18.22722,-31.8278,4.5,9.47,V,
NGC6802,,OPENCLUSTER,Vul,19.50944,20.2608,4.5,8.8,V,
NGC6834,,OPENCLUSTER,Cyg,19.87028,29.4081,4.5,7.8,V,
NGC6883,,OPENCLUSTER,Cyg,20.18889,35.8319,4.5,8.0,V,
M72,,GLOBULAR,Aqr,20.89083,-12.5367,4.5,8.96,V,
NGC1747,,OPENCLUSTER,Dor,4.91944,-67.1689,4.4,9.37,V,
NGC1858,,CLUSTERNEB,Dor,5.16417,-68.8914,4.4,9.88,V,
NGC225,,OPENCLUSTER,Cas,0.72667,61.7667,4.2,7.0,V,
NGC659,,OPENCLUSTER,Cas,1.73944,60.6692,4.2,7.9,V,
NGC1545,,OPENCLUSTER,Per,4.34889,50.2553,4.2,6.2,V,
NGC2180,,OPENCLUSTER,Ori,6.16,4.7114,4.2,9.0,B,
NGC2186,,OPENCLUSTER,Ori,6.20167,5.4583,4.2,8.7,V,
NGC2254,,OPENCLUSTER,Mon,6.59694,7.6731,4.2,9.1,V,
NGC2266,,OPENCLUSTER,Gem,6.72167,26.9694,4.2,9.5,V,
NGC2383,,OPENCLUSTER,CMa,7.41083,-20.9478,4.2,8.4,V,
NGC2467,,CLUSTERNEB,Pup,7.87306,-26.4431,4.2,,V,
NGC2489,,OPENCLUSTER,Pup,7.93722,-30.0606,4.2,7.9,V,
NGC2670,,OPENCLUSTER,Vel,8.75806,-48.7917,4.2,7.8,V,
NGC5138,,OPENCLUSTER,Cen,13.45417,-59.0406,4.2,5.33,V,
NGC5168,,OPENCLUSTER,Cen,13.51806,-60.9392,4.2,9.1,V,
NGC6005,,OPENCLUSTER,Nor,15.93028,-57.4372,4.2,10.7,V,
NGC6169,,OPENCLUSTER,Sco,16.56806,-44.0456,4.2,6.6,V,
NGC6216,,OPENCLUSTER,Sco,16.82306,-44.7317,4.2,10.1,V,
NGC6235,,GLOBULAR,Oph,16.89028,-22.1772,4.2,7.2,V,
NGC6256,,GLOBULAR,Sco,16.99222,-37.1214,4.2,,V,
NGC6404,,OPENCLUSTER,Sco,17.66028,-33.2467,4.2,10.6,V,
NGC6638,,GLOBULAR,Sgr,18.51556,-25.4964,4.2,9.68,V,
NGC6830,,OPENCLUSTER,Vul,19.85,23.1,4.2,7.9,V,
NGC7006,,GLOBULAR,Del,21.02444,16.1875,4.2,10.46,V,
NGC7160,,OPENCLUSTER,Cep,21.89417,62.6031,4.2,6.1,V,
IC1442,,OPENCLUSTER,Lac,22.26667,53.9911,4.2,9.1,V,
NGC1770,,CLUSTERNEB,Dor,4.95417,-68.4181,4.1,,V,
NGC1769,,EMISSION,Dor,4.96306,-66.4692,4.1,,V,
NGC246,,PLANETARY,Cet,0.78417,-11.8717,4.08,10.9,V,
NGC3105,,OPENCLUSTER,Vel,10.01083,-54.7878,4.08,9.7,V,
NGC3572,,OPENCLUSTER,Car,11.17167,-60.2481,4.08,6.6,V,
NGC6540,,GLOBULAR,Sgr,18.10194,-27.7628,4.08,,V,
NGC6325,,GLOBULAR,Oph,17.29944,-23.7658,4.02,11.49,B,
IC1871,,HII,Cas,2.95583,60.6722,4.0,,V,
IC2087,,NEBULA,Tau,4.66667,25.7419,4.0,,V,
NGC1841,,GLOBULAR,Men,4.75639,-83.9992,4.0,11.43,V,
NGC1955,,HII,Dor,5.43583,-67.4975,4.0,8.87,V,
NGC1978,,GLOBULAR,Dor,5.47917,-66.2356,4.0,10.7,V,
NGC2074,,CLUSTERNEB,Dor,5.65083,-69.4981,4.0,8.5,B,
NGC2103,,HII,Men,5.69417,-71.3331,4.0,10.82,V,
IC2162,,HII,Ori,6.21806,17.98,4.0,,V,
NGC2257,,GLOBULAR,Dor,6.50389,-64.3256,4.0,12.62,V,
NGC2316,,NEBULA,Mon,6.99444,-7.7778,4.0,,V,
NGC6589,,NEBULA,Sgr,18.28167,-19.7769,4.0,10.5,B,
NGC6590,,REFLECTION,Sgr,18.28444,-19.8658,4.0,9.8,B,
IC435,,REFLECTION,Ori,5.71667,-2.3125,3.98,,V,
NGC1918,,REMNANT,Dor,5.31833,-69.6622,3.9,,V,
NGC2129,,OPENCLUSTER,Gem,6.01833,23.3219,3.9,6.7,V,
NGC4815,,OPENCLUSTER,Mus,12.96583,-64.9617,3.9,8.6,V,
NGC5823,,OPENCLUSTER,Cir,15.09167,-55.6039,3.9,7.9,V,
NGC6357,War and Peace Nebula,CLUSTERNEB,Sco,17.41194,-34.2014,3.9,,V,
NGC6380,,GLOBULAR,Sco,17.57417,-39.0694,3.9,,V,
NGC6522,,GLOBULAR,Sgr,18.05917,-30.0339,3.9,9.48,V,
NGC6642,,GLOBULAR,Sgr,18.53167,-23.4758,3.9,10.24,V,
NGC6717,,GLOBULAR,Sgr,18.91806,-22.7017,3.9,10.35,V,
NGC7031,,OPENCLUSTER,Cyg,21.12028,50.8756,3.9,9.1,V,
NGC7245,,OPENCLUSTER,Lac,22.25306,54.3425,3.9,9.2,V,
NGC7510,,OPENCLUSTER,Cep,23.18417,60.5708,3.9,7.9,V,
NGC121,,GLOBULAR,Tuc,0.44667,-71.5356,3.8,11.24,V,
NGC1831,,GLOBULAR,Dor,5.10444,-64.9175,3.8,11.18,V,
NGC1846,,GLOBULAR,Dor,5.12583,-67.4614,3.8,11.31,V,
NGC146,,OPENCLUSTER,Cas,0.55083,63.3089,3.6,9.1,V,
NGC1444,,OPENCLUSTER,Per,3.82444,52.6553,3.6,6.6,V,
NGC1910,,HII,Dor,5.31167,-69.2317,3.6,9.65,V,
NGC2660,,OPENCLUSTER,Vel,8.71056,-47.2006,3.6,8.8,V,
NGC2972,,OPENCLUSTER,Vel,9.66972,-50.3206,3.6,9.9,V,
NGC5606,,OPENCLUSTER,Cen,14.46306,-59.6319,3.6,7.7,V,
NGC5715,,OPENCLUSTER,Cir,14.72472,-57.5767,3.6,9.8,V,
NGC5946,,GLOBULAR,Nor,15.59139,-50.6594,3.6,10.72,V,
NGC6304,,GLOBULAR,Oph,17.24222,-29.4619,3.6,9.03,V,
NGC6535,,GLOBULAR,---,18.06417,0.2967,3.6,9.85,V,
NGC6528,,GLOBULAR,Sgr,18.08056,-30.0556,3.6,10.65,V,
NGC6583,,OPENCLUSTER,Sgr,18.26333,-22.1378,3.6,10.0,V,
NGC6647,,OPENCLUSTER,Sgr,18.54667,-17.2283,3.6,8.0,V,
NGC6756,,OPENCLUSTER,Aql,19.14528,4.7056,3.6,10.6,V,
M75,,GLOBULAR,Sgr,20.10139,-21.9219,3.6,8.26,V,
M29,,OPENCLUSTER,Cyg,20.39917,38.5075,3.6,6.6,V,
NGC7062,,OPENCLUSTER,Cyg,21.39056,46.3783,3.6,8.3,V,
NGC7686,,OPENCLUSTER,And,23.50167,49.1339,3.6,5.6,V,
NGC7790,,OPENCLUSTER,Cas,23.97306,61.2081,3.6,8.5,V,
NGC1466,,GLOBULAR,Hyi,3.7425,-71.6717,3.5,11.59,V,
NGC1711,,GLOBULAR,Men,4.84306,-69.9856,3.5,11.1,V,
IC4706,,NEBULA,Sgr,18.32667,-16.0314,3.47,,V,
IC4707,,NEBULA,Sgr,18.33167,-16.0092,3.47,,V,
NGC1605,,OPENCLUSTER,Per,4.58083,45.2714,3.3,10.7,V,
NGC2031,,GLOBULAR,Men,5.56167,-70.9867,3.3,10.83,V,
IC2146,,GLOBULAR,Men,5.62944,-74.7831,3.3,12.41,V,
NGC2210,,GLOBULAR,Dor,6.19167,-69.1214,3.3,10.94,V,
NGC2483,,OPENCLUSTER,Pup,7.9275,-27.8867,3.3,7.6,V,
NGC2579,,CLUSTERNEB,Pup,8.34806,-36.2169,3.3,,V,
NGC3603,,CLUSTERNEB,Car,11.25167,-61.2608,3.3,,V,
NGC5694,,GLOBULAR,Hya,14.66028,-26.5381,3.3,10.89,V,
NGC5999,,OPENCLUSTER,Nor,15.86917,-56.4728,3.3,9.0,V,
IC1257,,GLOBULAR,Oph,17.45194,-7.0931,3.3,,V,
NGC6396,,OPENCLUSTER,Sco,17.62667,-35.0256,3.3,8.5,V,
NGC6624,,GLOBULAR,Sgr,18.39444,-30.3614,3.3,,V,
NGC6704,,OPENCLUSTER,Sct,18.84583,-5.2056,3.3,9.2,V,
NGC2020,,EMISSION,Dor,5.55333,-67.7156,3.2,,V,
NGC2203,,GLOBULAR,Men,6.07833,-75.4381,3.2,11.29,V,
NGC1818,,GLOBULAR,Dor,5.07056,-66.4342,3.1,9.7,B,
NGC2214,,OPENCLUSTER,Dor,6.21556,-68.2606,3.1,10.93,V,
NGC1624,,CLUSTERNEB,Per,4.67667,50.4617,3.0,11.8,V,
NGC1850,,GLOBULAR,Dor,5.14556,-68.7617,3.0,8.96,V,
NGC2004,,GLOBULAR,Dor,5.51167,-67.2864,3.0,9.6,B,
NGC2162,,GLOBULAR,Dor,6.00806,-63.7214,3.0,12.7,V,
NGC2149,,REFLECTION,Mon,6.05833,-9.7306,3.0,,V,
NGC2163,,REFLECTION,Ori,6.13056,18.6572,3.0,,V,
NGC2182,,REFLECTION,Mon,6.15833,-6.3264,3.0,9.0,B,
NGC2282,,HII,Mon,6.78083,1.3158,3.0,10.0,B,
NGC2453,,OPENCLUSTER,Pup,7.79278,-27.1944,3.0,8.3,V,
NGC2580,,OPENCLUSTER,Pup,8.35778,-30.2933,3.0,9.7,V,
NGC3503,,REFLECTION,Car,11.02139,-59.8456,3.0,,V,
NGC3576,,HII,Car,11.19194,-61.3631,3.0,,V,
IC2966,,REFLECTION,Mus,11.83694,-64.8731,3.0,,V,
IC4684,,REFLECTION,Sgr,18.15194,-23.4356,3.0,,V,
NGC6683,,OPENCLUSTER,Sct,18.70389,-6.2119,3.0,9.4,V,
NGC6813,,PLANETARY,Vul,19.67278,27.3094,3.0,,V,
IC4954,,HII,Vul,20.07917,29.2528,3.0,,V,
NGC6914,,REFLECTION,Cyg,20.41167,42.4825,3.0,,V,
NGC7128,,OPENCLUSTER,Cyg,21.73278,53.715,3.0,9.7,V,
NGC7226,,OPENCLUSTER,Cep,22.17417,55.3983,3.0,9.6,V,
NGC7492,,GLOBULAR,Aqr,23.14056,-15.6114,3.0,10.48,V,
NGC339,,GLOBULAR,Tuc,0.96167,-74.4731,2.9,12.21,V,
NGC2037,,OPENCLUSTER,Dor,5.58333,-69.7317,2.9,10.31,V,
NGC2209,,GLOBULAR,Men,6.14306,-73.8381,2.9,13.15,V,
NGC3181,,HII,UMa,10.30306,41.4125,2.84,15.79,B,
M97,Owl Nebula,PLANETARY,UMa,11.24667,55.0189,2.83,9.9,V,
NGC330,,OPENCLUSTER,Tuc,0.93806,-72.4631,2.8,9.55,V,
NGC419,,GLOBULAR,Tuc,1.13806,-72.8833,2.8,10.5,V,
NGC1727,,CLUSTERNEB,Dor,4.87028,-69.3389,2.8,,V,
NGC1873,,CLUSTERNEB,Dor,5.23194,-67.3342,2.8,10.44,V,
NGC1986,,GLOBULAR,Men,5.46056,-69.9733,2.8,11.07,V,
NGC2018,,HII,Men,5.52333,-71.0692,2.8,10.89,V,
NGC2032,,HII,Dor,5.58917,-67.5681,2.8,,V,
NGC2134,,GLOBULAR,Men,5.86583,-71.0972,2.8,11.05,B,
NGC2136,,GLOBULAR,Dor,5.88278,-69.4928,2.8,10.7,V,
NGC2157,,GLOBULAR,Dor,5.95944,-69.1969,2.8,10.16,V,
NGC2164,,GLOBULAR,Dor,5.98194,-68.5156,2.8,10.34,V,
NGC103,,OPENCLUSTER,Cas,0.42083,61.3233,2.7,9.8,V,
NGC189,,OPENCLUSTER,Cas,0.66,61.0944,2.7,8.8,V,
NGC1651,,GLOBULAR,Men,4.62556,-70.5856,2.7,12.28,V,
NGC1773,,NEBULA,Dor,4.96972,-66.3597,2.7,,V,
NGC1856,,GLOBULAR,Dor,5.15806,-69.1272,2.7,10.06,V,
NGC1868,,GLOBULAR,Dor,5.24306,-63.9542,2.7,11.57,V,
NGC1944,,GLOBULAR,Men,5.36556,-72.4942,2.7,11.84,V,
NGC2121,,GLOBULAR,Men,5.80333,-71.4794,2.7,12.37,V,
IC2157,,OPENCLUSTER,Gem,6.08,24.0708,2.7,8.4,V,
NGC6355,,GLOBULAR,Oph,17.39944,-26.3531,2.7,11.05,V,
NGC7295,,OPENCLUSTER,Lac,22.4675,52.2889,2.7,9.7,V,
NGC460,,CLUSTERNEB,Tuc,1.24417,-73.2742,2.6,,V,
NGC2041,,GLOBULAR,Dor,5.60778,-66.9894,2.6,10.36,V,
NGC2173,,GLOBULAR,Men,5.96639,-72.9742,2.6,11.88,V,
NGC1722,,CLUSTERNEB,Dor,4.86667,-69.375,2.5,,V,
NGC1806,,GLOBULAR,Dor,5.03667,-67.9856,2.5,11.1,B,
IC424,,NEBULA,Ori,5.56028,0.4131,2.5,,V,
NGC2100,,GLOBULAR,Dor,5.70222,-69.2117,2.5,9.6,B,
NGC6165,,NEBULA,Ara,16.56722,-48.1506,2.5,6.71,V,
NGC1777,,GLOBULAR,Men,4.92972,-74.2853,2.4,12.8,V,
NGC2154,,GLOBULAR,Dor,5.96028,-67.2639,2.4,11.79,V,
NGC2155,,GLOBULAR,Dor,5.97556,-65.4764,2.4,12.6,V,
NGC4147,,GLOBULAR,Com,12.16806,18.5419,2.4,10.74,V,
NGC7067,,OPENCLUSTER,Cyg,21.40639,48.0092,2.4,9.7,V,
NGC7234,,OPENCLUSTER,Cep,22.20667,57.2711,2.4,7.7,V,
NGC7788,,OPENCLUSTER,Cas,23.94583,61.3997,2.4,9.4,V,
NGC5189,,PLANETARY,Mus,13.55917,-65.9742,2.33,10.3,B,
NGC1697,,GLOBULAR,Dor,4.80972,-68.5581,2.3,12.62,V,
NGC1835,,GLOBULAR,Dor,5.08528,-69.4039,2.3,10.6,V,
NGC1854,,GLOBULAR,Dor,5.15556,-68.8472,2.3,10.39,V,
NGC1871,,CLUSTERNEB,Dor,5.23083,-67.4528,2.3,10.09,V,
IC2140,,GLOBULAR,Men,5.55583,-75.3753,2.3,13.48,V,
NGC2161,,GLOBULAR,Men,5.92833,-74.3539,2.3,12.95,V,
NGC2249,,GLOBULAR,Dor,6.43056,-68.9194,2.3,12.23,V,
NGC1514,,PLANETARY,Tau,4.15444,30.7758,2.2,10.19,V,
NGC1755,,GLOBULAR,Dor,4.92056,-68.2042,2.2,9.85,V,
NGC1801,,GLOBULAR,Dor,5.00944,-69.6139,2.2,12.16,V,
NGC1848,,OPENCLUSTER,Men,5.12417,-71.1953,2.2,9.73,V,
NGC2060,,REMNANT,Dor,5.62944,-69.1717,2.2,9.59,V,
NGC2075,,CLUSTERNEB,Men,5.63917,-70.685,2.2,11.47,V,
NGC2098,,OPENCLUSTER,Dor,5.70833,-68.2731,2.2,10.73,V,
NGC2120,,GLOBULAR,Dor,5.84306,-63.6775,2.2,12.67,V,
NGC2190,,GLOBULAR,Men,6.01694,-74.7256,2.2,12.94,V,
NGC133,,OPENCLUSTER,Cas,0.52139,63.3525,2.1,9.4,V,
NGC1496,,OPENCLUSTER,Per,4.07556,52.6614,2.1,9.6,V,
NGC1916,,GLOBULAR,Dor,5.30972,-69.4067,2.1,10.38,V,
NGC2040,,NEBULA,Dor,5.60167,-67.5683,2.1,11.47,V,
NGC2156,,GLOBULAR,Dor,5.96389,-68.4606,2.1,11.38,V,
NGC2231,,GLOBULAR,Dor,6.34528,-67.5183,2.1,13.2,V,
NGC7129,,CLUSTERNEB,Cep,21.71639,66.1128,2.1,11.5,V,
IC4955,,NEBULA,Vul,20.08139,29.1925,2.09,12.98,B,
IC1995,,NEBULA,Tau,3.83833,25.5806,2.0,,V,
NGC1786,,GLOBULAR,Dor,4.98556,-67.7453,2.0,10.1,B,
NGC1788,,REFLECTION,Ori,5.11444,-3.3408,2.0,5.8,B,
NGC1869,,CLUSTERNEB,Dor,5.23194,-67.3792,2.0,,V,
NGC1999,,REFLECTION,Ori,5.60667,-6.7156,2.0,9.5,B,
NGC2083,,NEBULA,Dor,5.66639,-69.7372,2.0,10.83,V,
NGC2170,,REFLECTION,Mon,6.12556,-6.3992,2.0,,V,
NGC2185,,NEBULA,Mon,6.18306,-6.2267,2.0,12.9,B,
NGC2245,,REFLECTION,Mon,6.54444,10.1564,2.0,11.0,B,
NGC2247,,REFLECTION,Mon,6.55139,10.3222,2.0,8.5,B,
NGC2261,Hubbles Nebula,REFLECTION,Mon,6.65278,8.7442,2.0,11.85,V,
NGC5367,,REFLECTION,Cen,13.96194,-39.9781,2.0,,V,
NGC604,,HII,Tri,1.57556,30.7847,1.93,,V,
NGC1736,,EMISSION,Dor,4.88389,-68.0531,1.9,15.5,B,
NGC1852,,GLOBULAR,Dor,5.15667,-67.7764,1.9,12.01,V,
NGC1903,,GLOBULAR,Dor,5.28917,-69.3353,1.9,11.86,V,
NGC1934,,CLUSTERNEB,Dor,5.36306,-67.9369,1.9,10.5,V,
NGC2002,,GLOBULAR,Dor,5.50556,-66.885,1.9,10.84,V,
NGC2025,,OPENCLUSTER,Men,5.54278,-71.7156,1.9,10.94,V,
NGC2097,,GLOBULAR,Dor,5.73778,-62.7856,1.9,13.67,V,
NGC2159,,GLOBULAR,Dor,5.96778,-68.6231,1.9,11.38,V,
IC5148,,PLANETARY,Gru,21.99306,-39.3856,1.88,11.0,V,
NGC1555,Hinds Nebula,REFLECTION,Tau,4.36639,19.535,1.82,9.98,B,
NGC376,,OPENCLUSTER,Tuc,1.06444,-72.8233,1.8,10.9,V,
NGC1644,,GLOBULAR,Dor,4.62778,-66.1992,1.8,12.89,V,
NGC1735,,OPENCLUSTER,Dor,4.90556,-67.0992,1.8,10.76,V,
NGC1789,,GLOBULAR,Men,4.96417,-71.9017,1.8,13.06,V,
NGC1805,,GLOBULAR,Dor,5.03917,-66.1119,1.8,,V,
NGC1829,,CLUSTERNEB,Dor,5.08306,-68.0592,1.8,,V,
NGC2035,,NEBULA,Dor,5.59167,-67.5842,1.8,10.99,V,
NGC2108,,GLOBULAR,Dor,5.73222,-69.1819,1.8,12.32,V,
NGC2197,,GLOBULAR,Dor,6.10167,-67.0969,1.8,13.45,V,
NGC6781,,PLANETARY,Aql,19.30778,6.5394,1.8,11.4,V,
IC1470,,HII,Cep,23.08583,60.2439,1.8,11.5,B,
H21,,OPENCLUSTER,Cas,23.90333,61.74,1.8,9.0,V,
NGC595,,HII,Tri,1.55917,30.6914,1.73,,V,
NGC416,,GLOBULAR,Tuc,1.13306,-72.355,1.7,11.76,V,
NGC1629,,GLOBULAR,Hyi,4.49333,-71.8381,1.7,12.68,V,
NGC1774,,OPENCLUSTER,Dor,4.96833,-67.2419,1.7,10.76,V,
NGC1872,,GLOBULAR,Dor,5.21944,-69.3117,1.7,11.04,V,
NGC1917,,GLOBULAR,Dor,5.31694,-68.9989,1.7,12.33,V,
NGC1951,,OPENCLUSTER,Dor,5.43528,-66.5969,1.7,10.58,V,
NGC1987,,GLOBULAR,Men,5.45444,-70.7372,1.7,12.1,B,
NGC2003,,GLOBULAR,Dor,5.51528,-66.4667,1.7,11.3,V,
NGC2030,,HII,Dor,5.58306,-67.5564,1.7,12.29,V,
NGC2080,,HII,Dor,5.66278,-69.6442,1.7,10.42,V,
NGC2084,,NEBULA,Dor,5.66833,-69.7592,1.7,,V,
NGC2105,,GLOBULAR,Dor,5.73833,-66.9175,1.7,12.19,V,
NGC2193,,GLOBULAR,Dor,6.105,-65.0989,1.7,13.42,V,
NGC5461,,HII,UMa,14.06139,54.3178,1.62,14.38,B,
NGC1751,,GLOBULAR,Dor,4.90333,-69.8056,1.6,11.73,V,
NGC1754,,GLOBULAR,Men,4.90528,-70.4422,1.6,11.57,V,
NGC1833,,CLUSTERNEB,Men,5.07333,-70.7281,1.6,,V,
NGC1974,,OPENCLUSTER,Dor,5.46639,-67.4242,1.6,10.3,V,
NGC2005,,GLOBULAR,Dor,5.50306,-69.7522,1.6,11.57,V,
IC2161,,GLOBULAR,Men,5.95667,-75.1392,1.6,14.24,V,
NGC7094,,PLANETARY,Peg,21.61444,12.7886,1.57,13.4,V,
NGC1649,,GLOBULAR,Dor,4.63944,-68.6731,1.5,13.13,V,
NGC1698,,GLOBULAR,Dor,4.81806,-69.1147,1.5,12.07,V,
NGC1772,,OPENCLUSTER,Dor,4.94806,-69.5558,1.5,10.97,V,
NGC1876,,CLUSTERNEB,Dor,5.22167,-69.3619,1.5,11.71,V,
NGC1914,,CLUSTERNEB,Men,5.29417,-71.2556,1.5,12.01,V,
NGC1958,,GLOBULAR,Dor,5.42528,-69.8367,1.5,12.99,V,
NGC1970,,OPENCLUSTER,Dor,5.44806,-68.8367,1.5,10.28,V,
NGC1984,,OPENCLUSTER,Dor,5.46139,-69.1342,1.5,9.99,V,
NGC2019,,GLOBULAR,Men,5.53222,-70.1594,1.5,10.86,V,
NGC2123,,GLOBULAR,Dor,5.86167,-65.3214,1.5,12.56,V,
NGC2135,,GLOBULAR,Dor,5.89306,-67.4292,1.5,12.05,V,
NGC2153,,GLOBULAR,Dor,5.96417,-66.4006,1.5,13.05,V,
NGC2181,,GLOBULAR,Dor,6.04556,-65.265,1.5,13.64,V,
NGC2899,,PLANETARY,Vel,9.45056,-56.1058,1.5,11.8,V,
IC1295,,PLANETARY,Sct,18.91028,-8.8267,1.5,12.5,V,
NGC7008,,PLANETARY,Cyg,21.00917,54.5431,1.43,10.7,V,
NGC6164,,NEBULA,Ara,16.56167,-48.0797,1.41,6.71,V,
NGC248,,CLUSTERNEB,Tuc,0.75667,-73.3794,1.4,,V,
NGC1695,,GLOBULAR,Dor,4.79556,-69.3739,1.4,12.16,V,
NGC1756,,GLOBULAR,Dor,4.91389,-69.2378,1.4,12.24,V,
NGC1874,,CLUSTERNEB,Dor,5.21972,-69.3758,1.4,12.81,V,
NGC1895,,NEBULA,Dor,5.28083,-67.3294,1.4,12.93,V,
NGC1919,,NEBULA,Dor,5.33833,-66.8908,1.4,,V,
NGC1926,,GLOBULAR,Dor,5.34306,-69.5253,1.4,11.79,V,
NGC1939,,GLOBULAR,Men,5.35722,-69.9494,1.4,11.83,V,
IC2134,,GLOBULAR,Men,5.38472,-75.4467,1.4,13.94,V,
NGC2048,,EMISSION,Dor,5.59889,-69.6483,1.4,12.17,V,
NGC2130,,GLOBULAR,Dor,5.87306,-67.3342,1.4,12.1,V,
NGC261,,NEBULA,Tuc,0.77417,-73.1033,1.3,13.0,B,
NGC1767,,OPENCLUSTER,Dor,4.94056,-69.4006,1.3,10.61,V,
IC2148,,GLOBULAR,Men,5.65306,-75.5622,1.3,14.23,V,
NGC2077,,NEBULA,Dor,5.66,-69.6569,1.3,11.71,V,
NGC7139,,PLANETARY,Cep,21.76917,63.7917,1.28,13.3,V,
M57,Ring Nebula,PLANETARY,Lyr,18.89306,33.0283,1.27,8.8,V,
NGC1745,,NEBULA,Dor,4.90556,-69.1589,1.2,13.4,V,
NGC1782,,OPENCLUSTER,Dor,4.96417,-69.3919,1.2,10.5,V,
NGC1814,,CLUSTERNEB,Dor,5.06278,-67.3006,1.2,12.76,V,
NGC1880,,HII,Dor,5.22333,-69.3792,1.2,12.81,V,
NGC1920,,HII,Dor,5.34278,-66.7783,1.2,12.54,V,
NGC1935,,HII,Dor,5.36639,-67.9572,1.2,,V,
NGC1940,,GLOBULAR,Dor,5.37889,-67.1867,1.2,11.91,V,
NGC1953,,GLOBULAR,Dor,5.42417,-68.8381,1.2,11.74,V,
NGC2078,,EMISSION,Dor,5.66056,-69.7431,1.2,10.89,V,
NGC2138,,GLOBULAR,Dor,5.91389,-65.8369,1.2,13.76,V,
NGC6072,,PLANETARY,Sco,16.21583,-36.2297,1.17,11.7,V,
M76,Little Dumbbell Nebula,PLANETARY,Per,1.70556,51.5753,1.12,10.1,V,
NGC1049,Fornax Dwarf Cluster 3,GLOBULAR,For,2.66306,-34.2581,1.12,13.59,B,
NGC249,,HII,Tuc,0.75917,-73.0797,1.1,13.8,B,
NGC1693,,GLOBULAR,Dor,4.79417,-69.3433,1.1,12.89,V,
NGC1714,,CLUSTERNEB,Dor,4.86917,-66.9231,1.1,11.61,V,
NGC1715,,EMISSION,Dor,4.86917,-66.9083,1.1,,V,
NGC1737,,HII,Dor,4.9,-69.1742,1.1,,V,
NGC1870,,GLOBULAR,Dor,5.21917,-69.1167,1.1,11.26,V,
NGC1877,,NEBULA,Dor,5.2275,-69.3839,1.1,12.0,B,
NGC1899,,HII,Dor,5.29667,-67.9006,1.1,,V,
NGC1943,,GLOBULAR,Men,5.37444,-70.155,1.1,11.88,V,
NGC2079,,HII,Dor,5.66056,-69.7569,1.1,11.81,V,
NGC2113,,CLUSTERNEB,Dor,5.75667,-69.7742,1.1,,V,
NGC2438,,PLANETARY,Pup,7.69694,-14.7356,1.07,10.8,V,
NGC6772,,PLANETARY,Aql,19.24306,-2.7067,1.07,12.7,V,
NGC4071,,PLANETARY,Mus,12.07083,-67.31,1.05,13.0,V,
NGC4361,,PLANETARY,Crv,12.40833,-18.7844,1.05,10.9,V,
NGC7048,,PLANETARY,Cyg,21.2375,46.2883,1.02,12.1,V,
IC2117,,CLUSTERNEB,Dor,4.95417,-68.4414,1.0,,V,
NGC1936,,EMISSION,Dor,5.37056,-67.9781,1.0,11.6,V,
NGC2011,,OPENCLUSTER,Dor,5.53889,-67.5231,1.0,10.58,V,
NGC2327,,REFLECTION,CMa,7.06833,-11.3142,1.0,,V,
IC466,,HII,Mon,7.14417,-4.3181,1.0,12.06,V,
NGC1743,,NEBULA,Dor,4.90056,-69.1983,0.95,11.26,V,
NGC1923,,CLUSTERNEB,Dor,5.35917,-65.4867,0.95,11.24,V,
NGC1949,,NEBULA,Dor,5.41806,-68.4722,0.95,12.39,V,
NGC1967,,OPENCLUSTER,Dor,5.44528,-69.1017,0.95,10.81,V,
NGC2085,,NEBULA,Dor,5.66917,-69.6728,0.95,12.06,V,
NGC6842,,PLANETARY,Cyg,19.91694,29.2892,0.95,13.1,V,
NGC7076,,PLANETARY,Cep,21.44,62.8922,0.93,13.5,V,
NGC1748,,NEBULA,Dor,4.90694,-69.1842,0.9,12.3,V,
NGC1938,,GLOBULAR,Men,5.35667,-69.9392,0.9,13.09,V,
NGC1941,,CLUSTERNEB,Dor,5.38556,-66.3783,0.9,12.0,V,
NGC5844,,PLANETARY,TrA,15.17806,-64.6733,0.88,13.2,B,
NGC1501,,PLANETARY,Cam,4.11639,60.9206,0.87,11.5,V,
NGC2346,,PLANETARY,Mon,7.15639,0.8092,0.87,11.6,V,
NGC2086,,NEBULA,Dor,5.67028,-69.6678,0.85,12.0,V,
NGC6337,,PLANETARY,Sco,17.37083,-38.4833,0.85,12.3,V,
NGC2818,,PLANETARY,Pyx,9.26694,-36.6267,0.83,11.6,V,
NGC5471,,HII,UMa,14.07444,54.3967,0.82,14.54,B,
NGC40,Bow Tie Nebula,PLANETARY,Cep,0.21667,72.5217,0.8,11.89,V,
IC1644,,HII,Tuc,1.15333,-73.1942,0.8,11.7,V,
NGC6563,,PLANETARY,Sgr,18.20056,-33.8681,0.79,11.0,V,
NGC6818,Little Gem Nebula,PLANETARY,Sgr,19.73278,-14.1531,0.77,9.3,V,
NGC3699,,PLANETARY,Cen,11.46556,-59.9581,0.75,11.3,V,
NGC6302,Bug Nebula,PLANETARY,Sco,17.22917,-37.1031,0.74,9.6,V,
NGC2371,,PLANETARY,Gem,7.42639,29.4906,0.73,11.2,V,
NGC3195,,PLANETARY,Cha,10.15556,-80.8583,0.7,11.6,V,
IC972,,PLANETARY,Vir,14.07389,-17.2281,0.7,13.9,V,
NGC1985,,REFLECTION,Aur,5.62972,31.9886,0.68,12.7,B,
IC132,,HII,Tri,1.55417,30.9456,0.67,14.82,V,
NGC6026,,PLANETARY,Lup,16.0225,-34.5442,0.67,12.9,V,
NGC6765,,PLANETARY,Lyr,19.18528,30.5456,0.67,12.9,V,
NGC6894,,PLANETARY,Cyg,20.27306,30.565,0.67,12.3,V,
NGC6905,Blue Flash Nebula,PLANETARY,Del,20.37306,20.1044,0.67,11.1,V,
IC2105,,CLUSTERNEB,Dor,4.82417,-69.2006,0.65,11.3,V,
IC2111,,CLUSTERNEB,Dor,4.86417,-69.3919,0.65,,V,
NGC2610,,PLANETARY,Hya,8.55639,-16.1492,0.63,12.7,V,
NGC5455,,HII,UMa,14.05028,54.2414,0.63,15.22,B,
NGC6369,Little Ghost Nebula,PLANETARY,Oph,17.48917,-23.7592,0.63,11.4,V,
NGC6857,,HII,Cyg,20.03,33.5258,0.63,11.4,B,
NGC588,,HII,Tri,1.54583,30.6475,0.6,14.44,V,
IC2116,,HII,Dor,4.95417,-66.3892,0.6,14.21,V,
IC289,,PLANETARY,Cas,3.17167,61.3167,0.58,13.2,V,
IC4406,,PLANETARY,Lup,14.37389,-44.1503,0.58,10.2,V,
NGC6804,,PLANETARY,Aql,19.52639,9.225,0.58,12.0,V,
NGC6445,Little Gem,PLANETARY,Sgr,17.82056,-20.0092,0.55,11.2,V,
NGC5451,,HII,UMa,14.04333,54.3625,0.52,16.7,B,
IC142,,HII,Tri,1.56556,30.7578,0.5,14.2,V,
NGC3132,Eight Burst Nebula,PLANETARY,Vel,10.11694,-40.4367,0.5,9.2,V,
NGC6820,,NEBULA,Vul,19.70778,23.0881,0.5,15.0,B,
NGC6852,,PLANETARY,Aql,20.01056,1.7281,0.47,12.6,V,
IC1454,,PLANETARY,Cep,22.70667,80.4419,0.47,14.0,V,
IC133,,HII,Tri,1.55417,30.8883,0.45,18.45,V,
NGC6742,,PLANETARY,Dra,18.98889,48.4653,0.45,13.4,V,
NGC3242,Jupiters Ghost Nebula,PLANETARY,Hya,10.41278,-18.6419,0.42,7.7,V,
NGC6826,Blinking Planetary,PLANETARY,Cyg,19.74667,50.525,0.42,9.44,V,
IC135,,HII,Tri,1.57083,30.62,0.4,,V,
NGC6153,,PLANETARY,Sco,16.52528,-40.2531,0.4,10.9,V,
NGC6058,,PLANETARY,Her,16.07417,40.6831,0.38,12.9,V,
NGC7354,,PLANETARY,Cep,22.67194,61.2847,0.38,12.2,V,
NGC2242,,PLANETARY,Aur,6.56833,44.7769,0.37,15.0,V,
NGC1535,,PLANETARY,Eri,4.23778,-12.7392,0.35,9.6,V,
NGC6210,,PLANETARY,Her,16.74167,23.7997,0.35,9.65,V,
NGC6751,,PLANETARY,Aql,19.09889,-5.9919,0.34,11.9,V,
NGC2392,Eskimo Nebula,PLANETARY,Gem,7.48639,20.9117,0.33,9.61,V,
NGC6543,Cats Eye Nebula,PLANETARY,Dra,17.97556,66.6331,0.33,9.01,V,
NGC7026,,PLANETARY,Cyg,21.105,47.8519,0.33,10.9,V,
NGC2022,,PLANETARY,Ori,5.70167,9.0864,0.32,11.6,V,
NGC2452,,PLANETARY,Pup,7.79056,-27.3339,0.32,12.0,V,
NGC3918,,PLANETARY,Cen,11.83806,-57.1819,0.32,8.1,V,
IC4637,,PLANETARY,Sco,17.08639,-40.8864,0.31,12.5,V,
IC131,,HII,Tri,1.55417,30.7531,0.3,12.52,B,
IC143,,HII,Tri,1.56944,30.7764,0.3,11.4,B,
IC4642,,PLANETARY,Ara,17.19556,-55.3989,0.28,13.4,B,
NGC7662,Copelands Blue Snowball,PLANETARY,And,23.43167,42.5347,0.28,8.3,V,
NGC2440,,PLANETARY,Pup,7.69833,-18.2083,0.27,9.4,V,
NGC3211,,PLANETARY,Car,10.29722,-62.67,0.27,10.7,V,
NGC6309,Box Nebula,PLANETARY,Oph,17.23417,-12.9106,0.26,11.5,V,
NGC6629,,PLANETARY,Sgr,18.42806,-23.2028,0.26,11.3,V,
NGC6778,,PLANETARY,Aql,19.30667,-1.5964,0.26,12.3,V,
IC4673,,PLANETARY,Sgr,18.05472,-27.1058,0.25,13.0,V,
NGC6891,,PLANETARY,Del,20.2525,12.7042,0.25,10.5,V,
IC4599,,PLANETARY,Sco,16.32306,-42.2603,0.24,12.4,B,
NGC2867,,PLANETARY,Car,9.35667,-58.3117,0.23,9.7,V,
NGC5882,,PLANETARY,Lup,15.28056,-45.6492,0.23,10.18,V,
NGC6565,,PLANETARY,Sgr,18.19806,-28.1781,0.23,11.6,V,
NGC7027,,PLANETARY,Cyg,21.11694,42.2364,0.23,8.5,V,
IC1747,,PLANETARY,Cas,1.96,63.3217,0.22,12.0,V,
NGC2792,,PLANETARY,Vel,9.20722,-42.4275,0.22,11.6,V,
IC4593,,PLANETARY,Her,16.19556,12.0714,0.22,10.7,V,
IC4663,,PLANETARY,Sco,17.75778,-44.905,0.22,12.5,V,
NGC5307,,PLANETARY,Cen,13.85056,-51.2056,0.21,11.2,V,
NGC6326,,PLANETARY,Ara,17.34583,-51.7542,0.21,12.2,B,
IC418,,PLANETARY,Lep,5.45778,-12.6969,0.2,9.44,V,
IC2145,,NEBULA,Dor,5.67333,-69.6703,0.19,12.0,V,
NGC6572,,PLANETARY,Oph,18.20167,6.8536,0.18,8.1,V,
IC3568,,PLANETARY,Cam,12.55167,82.5639,0.17,10.6,V,
NGC6537,Red Spider Nebula,PLANETARY,Sgr,18.08667,-19.8431,0.17,11.6,V,
IC1266,,PLANETARY,Ara,17.75944,-46.09,0.16,11.2,V,
IC2165,,PLANETARY,CMa,6.36167,-12.9869,0.15,10.5,V,
IC2448,,PLANETARY,Car,9.11806,-69.9417,0.15,10.4,V,
IC2553,,PLANETARY,Car,10.15556,-62.6133,0.15,10.3,V,
IC2003,,PLANETARY,Per,3.93917,33.8747,0.14,11.4,V,
IC2149,,PLANETARY,Aur,5.94,46.1047,0.14,10.78,V,
IC4634,,PLANETARY,Oph,17.02583,-21.8258,0.14,10.9,V,
NGC6578,,PLANETARY,Sgr,18.27139,-20.4506,0.14,12.9,V,
NGC5462,,HII,UMa,14.06444,54.3656,0.13,18.17,B,
NGC5979,,PLANETARY,TrA,15.79444,-61.2178,0.13,11.5,V,
NGC6567,,PLANETARY,Sgr,18.22917,-19.0756,0.13,11.0,V,
NGC6620,,PLANETARY,Sgr,18.38167,-26.8217,0.13,12.7,V,
NGC6741,Phantom Streak Nebula,PLANETARY,Aql,19.04333,0.4492,0.13,11.5,V,
IC351,,PLANETARY,Per,3.79222,35.0467,0.12,11.9,V,
NGC5873,,PLANETARY,Lup,15.21417,-38.1256,0.12,11.0,V,
IC4776,,PLANETARY,Sgr,18.76417,-33.3431,0.12,10.8,V,
IC1297,,PLANETARY,CrA,19.28944,-39.6131,0.12,10.7,V,
NGC6790,,PLANETARY,Aql,19.3825,1.5131,0.12,10.5,V,
NGC2409,,OPENCLUSTER,Pup,7.52667,-17.1906,0.11,7.3,V,
IC5217,,PLANETARY,Lac,22.39889,50.9667,0.11,11.3,V,
NGC5315,,PLANETARY,Cir,13.89917,-66.5142,0.1,9.8,V,
NGC6884,,PLANETARY,Cyg,20.17306,46.4606,0.1,10.9,V,
NGC6803,,PLANETARY,Aql,19.52083,10.0558,0.09,11.4,V,
NGC6886,,PLANETARY,Sge,20.21167,19.9894,0.09,11.4,V,
IC2621,,PLANETARY,Car,11.00556,-65.2492,0.08,11.2,V,
IC4191,,PLANETARY,Mus,13.14639,-67.6439,0.08,10.6,V,
NGC6439,,PLANETARY,Sgr,17.80556,-16.4789,0.08,12.6,V,
IC4699,,PLANETARY,Tel,18.30917,-45.9831,0.08,13.0,V,
NGC6879,,PLANETARY,Sge,20.17417,16.9228,0.08,12.5,V,
IC4732,,PLANETARY,Sgr,18.56528,-22.6444,0.07,12.1,V,
NGC6881,,PLANETARY,Cyg,20.18139,37.4114,0.07,13.9,V,
NGC6644,,PLANETARY,Sgr,18.54306,-25.1292,0.04,10.7,V,
IC2501,,PLANETARY,Car,9.64639,-60.0917,0.03,10.4,V,
IC4846,,PLANETARY,Aql,19.27417,-9.0433,0.03,11.9,V,
NGC6807,,PLANETARY,Aql,19.57583,5.6842,0.03,12.0,V,
NGC6833,,PLANETARY,Cyg,19.82944,48.9608,0.03,12.1,V,
IC4997,,PLANETARY,Del,20.33556,16.7317,0.03,10.5,V,
IC5117,,PLANETARY,Cyg,21.54167,44.5964,0.02,11.5,V,
IC336,,NEBULA,Tau,3.63222,23.3631,0.0,,V,
IC1990,,NEBULA,Tau,3.78694,24.3339,0.0,,V,
IC2067,,NEBULA,Per,4.51417,35.4461,0.0,11.49,V,
IC2088,,NEBULA,Tau,4.51806,26.6069,0.0,,V,
IC427,,NEBULA,Ori,5.605,-6.6164,0.0,,V,
IC428,,NEBULA,Ori,5.60667,-6.4517,0.0,,V,
IC429,,NEBULA,Ori,5.63833,-7.0406,0.0,,V,
IC2159,,NEBULA,Ori,6.16583,20.4314,0.0,,V,
NGC2317,,NEBULA,Mon,6.995,-7.7742,0.0,,V,
NGC2361,,NEBULA,CMa,7.30667,-13.2092,0.0,,V,
NGC2404,,HII,Cam,7.61833,65.6106,0.0,,V,
NGC2847,,HII,Hya,9.33556,-16.5181,0.0,,V,
NGC3180,,HII,UMa,10.30278,41.445,0.0,,V,
NGC3519,,OPENCLUSTER,Car,11.0675,-61.3681,0.0,7.7,V,
IC2631,,NEBULA,Cha,11.16444,-76.6142,0.0,,V,
NGC3581,,HII,Car,11.20056,-61.3017,0.0,,V,
NGC3582,,NEBULA,Car,11.20306,-61.2733,0.0,,V,
NGC3584,,NEBULA,Car,11.20556,-61.2283,0.0,,V,
NGC3586,,NEBULA,Car,11.20806,-61.3519,0.0,,V,
IC3329,,HII,Com,12.43194,27.5639,0.0,,V,
C099,Coalsack Nebula,DARK,Cru,12.52167,-63.7431,0.0,,V,
NGC4559C,,HII,Com,12.59778,27.9319,0.0,,V,
IC3551,,HII,Com,12.59806,27.9642,0.0,,V,
IC3552,,HII,Com,12.59806,27.9939,0.0,,V,
IC3555,,HII,Com,12.59889,27.9889,0.0,,V,
IC3563,,HII,Com,12.60167,27.9272,0.0,,V,
NGC5120,,OPENCLUSTER,Cen,13.4275,-63.4581,0.0,10.8,V,
NGC5447,,HII,UMa,14.04083,54.2767,0.0,,V,
NGC5450,,HII,UMa,14.04167,54.2708,0.0,,V,
NGC5453,,HII,UMa,14.04889,54.3078,0.0,,V,
NGC5458,,HII,UMa,14.05306,54.2981,0.0,,V,
NGC6115,,OPENCLUSTER,Nor,16.40694,-51.9481,0.0,9.8,V,
M14,,GLOBULAR,Oph,17.62667,-3.2456,0.0,5.73,V,
IC1271,,NEBULA,Sgr,18.08667,-24.4106,0.0,,V,
IC4678,,NEBULA,Sgr,18.10917,-23.9542,0.0,10.4,B,
IC1275,,NEBULA,Sgr,18.16833,-23.7608,0.0,,V,
IC1308,,HII,Sgr,19.75139,-14.7203,0.0,,V,
NGC6974,,REMNANT,Cyg,20.85083,31.8281,0.0,,V,
NGC7009,Saturn Nebula,PLANETARY,Aqr,21.06944,-11.3631,0.0,8.0,V,
IC5132,,NEBULA,Cep,21.71083,66.1683,0.0,,V,
IC5133,,NEBULA,Cep,21.71306,66.1811,0.0,,V,
